Year	Site	Tree	0pt1km	0pt5km	1km	2km	Foundresses	Poll	Npoll	SO1	SO2	LO1	Het1	Het2	Aepoc	Physo	Seeds	Crop	Vol	Lat	Nearest20	Nearest5	Nearest10	Nearest40
2010	170	6	0	0	0	0	0	0	22	0	21	0	1	0	0	1	NA	13	753.6	28.24057	5.36444	5.253338	5.295228	5.512619
2010	170	6	0	0	0	0	0	0	10	0	2	7	1	0	0	9	NA	13	1025.7333333333	28.24057	5.36444	5.253338	5.295228	5.512619
2010	170	6	0	0	0	0	1	7	37	0	37	0	0	0	1	0	NA	13	1047.7133333333	28.24057	5.36444	5.253338	5.295228	5.512619
2010	170	6	0	0	0	0	0	0	36	13	12	10	1	0	0	0	NA	13	1230.88	28.24057	5.36444	5.253338	5.295228	5.512619
2010	170	6	0	0	0	0	0	0	34	0	0	24	7	3	1	1	NA	13	884.4333333333	28.24057	5.36444	5.253338	5.295228	5.512619
2010	170	6	0	0	0	0	0	0	33	0	0	21	9	3	2	0	NA	13	1128.3066666667	28.24057	5.36444	5.253338	5.295228	5.512619
2010	170	6	0	0	0	0	0	0	36	0	0	23	13	0	1	0	NA	13	1025.7333333333	28.24057	5.36444	5.253338	5.295228	5.512619
2010	170	6	0	0	0	0	0	0	17	0	0	16	1	0	1	1	NA	13	565.2	28.24057	5.36444	5.253338	5.295228	5.512619
2010	170	6	0	0	0	0	0	0	17	0	1	15	0	1	0	5	NA	13	1428.7	28.24057	5.36444	5.253338	5.295228	5.512619
2010	170	6	0	0	0	0	0	0	28	0	2	22	3	1	1	2	NA	13	972.8766666667	28.24057	5.36444	5.253338	5.295228	5.512619
2010	170	6	0	0	0	0	0	0	13	0	0	11	1	1	0	1	NA	13	898.04	28.24057	5.36444	5.253338	5.295228	5.512619
2010	170	6	0	0	0	0	0	0	13	0	0	12	0	1	0	0	NA	13	816.4	28.24057	5.36444	5.253338	5.295228	5.512619
2010	170	6	0	0	0	0	0	0	4	0	0	4	0	0	2	2	NA	13	443.2633333333	28.24057	5.36444	5.253338	5.295228	5.512619
2010	170	6	0	0	0	0	0	0	31	2	7	22	0	0	0	0	NA	13	734.76	28.24057	5.36444	5.253338	5.295228	5.512619
2010	170	6	0	0	0	0	0	0	18	0	0	14	4	0	0	0	NA	13	795.99	28.24057	5.36444	5.253338	5.295228	5.512619
2010	170	6	0	0	0	0	0	0	15	1	6	7	0	1	0	0	NA	13	1530.75	28.24057	5.36444	5.253338	5.295228	5.512619
2010	170	6	0	0	0	0	0	0	13	0	0	12	1	0	1	1	NA	13	898.04	28.24057	5.36444	5.253338	5.295228	5.512619
2010	170	6	0	0	0	0	0	0	9	0	0	7	2	0	3	0	NA	13	678.24	28.24057	5.36444	5.253338	5.295228	5.512619
2010	170	6	0	0	0	0	0	NA	NA	NA	NA	NA	NA	NA	NA	NA	NA	13	678.24	28.24057	5.36444	5.253338	5.295228	5.512619
2010	170	6	0	0	0	0	1	NA	NA	NA	NA	NA	NA	NA	NA	NA	NA	13	1208.9	28.24057	5.36444	5.253338	5.295228	5.512619
2010	172	2	26	58	66	69	0	0	0	0	0	0	0	0	0	2	NA	12	1875.6266666667	28.2913	0.07143659	0.01001079	0.03766065	0.1614209
2010	172	2	26	58	66	69	0	0	46	0	0	31	15	0	0	3	NA	12	2505.72	28.2913	0.07143659	0.01001079	0.03766065	0.1614209
2010	172	2	26	58	66	69	0	0	39	0	0	22	17	0	0	0	NA	12	2419.8933333333	28.2913	0.07143659	0.01001079	0.03766065	0.1614209
2010	172	2	26	58	66	69	1	6	17	7	2	4	0	4	0	0	NA	12	2419.8933333333	28.2913	0.07143659	0.01001079	0.03766065	0.1614209
2010	172	2	26	58	66	69	2	59	3	3	0	0	0	0	0	0	NA	12	2277.5466666667	28.2913	0.07143659	0.01001079	0.03766065	0.1614209
2010	172	2	26	58	66	69	0	0	27	15	0	7	5	0	0	3	NA	12	2277.5466666667	28.2913	0.07143659	0.01001079	0.03766065	0.1614209
2010	172	2	26	58	66	69	0	0	27	0	0	24	2	1	4	2	NA	12	2268.65	28.2913	0.07143659	0.01001079	0.03766065	0.1614209
2010	172	2	26	58	66	69	0	0	26	17	9	0	0	0	0	0	NA	12	1648.5	28.2913	0.07143659	0.01001079	0.03766065	0.1614209
2010	172	2	26	58	66	69	0	0	12	1	11	0	0	0	1	4	NA	12	1884	28.2913	0.07143659	0.01001079	0.03766065	0.1614209
2010	172	2	26	58	66	69	0	0	23	0	0	15	6	2	0	0	NA	12	1436.0266666667	28.2913	0.07143659	0.01001079	0.03766065	0.1614209
2010	172	2	26	58	66	69	3	70	11	1	0	7	3	0	0	0	NA	12	2722.38	28.2913	0.07143659	0.01001079	0.03766065	0.1614209
2010	172	2	26	58	66	69	1	1	4	0	0	4	0	0	0	1	NA	12	2001.75	28.2913	0.07143659	0.01001079	0.03766065	0.1614209
2010	172	2	26	58	66	69	1	0	29	0	0	12	3	14	0	0	NA	12	2402.1	28.2913	0.07143659	0.01001079	0.03766065	0.1614209
2010	172	2	26	58	66	69	0	0	4	0	0	3	1	0	0	0	NA	12	1230.88	28.2913	0.07143659	0.01001079	0.03766065	0.1614209
2010	172	2	26	58	66	69	0	0	8	0	0	5	1	2	0	0	NA	12	1538.6	28.2913	0.07143659	0.01001079	0.03766065	0.1614209
2010	172	2	26	58	66	69	1	5	49	1	0	47	0	1	0	0	NA	12	1530.75	28.2913	0.07143659	0.01001079	0.03766065	0.1614209
2010	172	2	26	58	66	69	1	148	71	23	4	29	15	0	0	0	NA	12	2882.52	28.2913	0.07143659	0.01001079	0.03766065	0.1614209
2010	172	2	26	58	66	69	2	9	43	0	0	39	4	0	1	5	NA	12	1538.6	28.2913	0.07143659	0.01001079	0.03766065	0.1614209
2010	172	2	26	58	66	69	1	18	25	0	0	25	0	0	0	0	NA	12	1428.7	28.2913	0.07143659	0.01001079	0.03766065	0.1614209
2010	172	2	26	58	66	69	1	6	74	0	0	71	2	1	1	1	NA	12	1333.4533333333	28.2913	0.07143659	0.01001079	0.03766065	0.1614209
2010	172	2	26	58	66	69	1	24	86	31	0	54	1	0	0	0	NA	12	1758.4	28.2913	0.07143659	0.01001079	0.03766065	0.1614209
2010	172	2	26	58	66	69	1	4	90	1	0	70	15	4	0	0	NA	12	1758.4	28.2913	0.07143659	0.01001079	0.03766065	0.1614209
2010	172	2	26	58	66	69	1	7	121	0	0	120	0	1	0	0	NA	12	1318.8	28.2913	0.07143659	0.01001079	0.03766065	0.1614209
2010	172	2	26	58	66	69	1	1	77	0	0	69	0	8	0	0	NA	12	967.12	28.2913	0.07143659	0.01001079	0.03766065	0.1614209
2010	172	2	26	58	66	69	1	12	17	0	0	17	0	0	0	0	NA	12	1530.75	28.2913	0.07143659	0.01001079	0.03766065	0.1614209
2010	70	70	3	17	20	42	4	138	0	0	0	0	0	0	1	1	238	1	1978.2	23.73629	0.5711528	0.1341643	0.2208285	1.59952
2010	70	70	3	17	20	42	3	97	4	3	0	1	0	0	0	0	198	1	2535.55	23.73629	0.5711528	0.1341643	0.2208285	1.59952
2010	70	70	3	17	20	42	1	58	3	3	0	0	0	0	0	0	220	1	3692.64	23.73629	0.5711528	0.1341643	0.2208285	1.59952
2010	70	70	3	17	20	42	1	39	5	0	0	5	0	0	0	0	169	1	NA	23.73629	0.5711528	0.1341643	0.2208285	1.59952
2010	70	70	3	17	20	42	1	129	0	0	0	0	0	0	0	0	188	1	1758.4	23.73629	0.5711528	0.1341643	0.2208285	1.59952
2010	70	70	3	17	20	42	1	77	6	0	0	6	0	0	0	2	139	1	2009.6	23.73629	0.5711528	0.1341643	0.2208285	1.59952
2010	70	70	3	17	20	42	1	74	0	0	0	0	0	0	2	2	173	1	1648.5	23.73629	0.5711528	0.1341643	0.2208285	1.59952
2010	70	70	3	17	20	42	1	50	9	0	0	9	0	0	0	0	92	1	1230.88	23.73629	0.5711528	0.1341643	0.2208285	1.59952
2010	70	70	3	17	20	42	3	137	12	0	0	12	0	0	0	0	155	1	2110.08	23.73629	0.5711528	0.1341643	0.2208285	1.59952
2010	70	70	3	17	20	42	1	60	4	0	0	4	0	0	0	2	119	1	1036.2	23.73629	0.5711528	0.1341643	0.2208285	1.59952
2010	70	70	3	17	20	42	3	18	10	0	0	10	0	0	0	0	203	1	2402.1	23.73629	0.5711528	0.1341643	0.2208285	1.59952
2010	70	70	3	17	20	42	1	72	0	0	0	0	0	0	4	0	243	1	2402.1	23.73629	0.5711528	0.1341643	0.2208285	1.59952
2010	70	70	3	17	20	42	1	72	0	0	0	0	0	0	0	0	NA	1	1758.4	23.73629	0.5711528	0.1341643	0.2208285	1.59952
2010	70	70	3	17	20	42	1	20	0	0	0	0	0	0	1	1	129	1	2143.5733333333	23.73629	0.5711528	0.1341643	0.2208285	1.59952
2010	70	70	3	17	20	42	1	43	0	0	0	0	0	0	1	0	122	1	1868.3	23.73629	0.5711528	0.1341643	0.2208285	1.59952
2010	172	30	5	52	58	69	1	43	37	6	4	22	0	5	0	0	NA	15	569.91	28.29067	0.2045504	0.09337543	0.1418886	0.3653919
2010	172	30	5	52	58	69	1	58	102	6	15	75	1	5	0	0	NA	15	1047.7133333333	28.29067	0.2045504	0.09337543	0.1418886	0.3653919
2010	172	30	5	52	58	69	1	65	56	0	0	50	1	5	0	0	NA	15	1436.0266666667	28.29067	0.2045504	0.09337543	0.1418886	0.3653919
2010	172	30	5	52	58	69	1	129	40	0	0	27	11	2	0	0	NA	15	1538.6	28.29067	0.2045504	0.09337543	0.1418886	0.3653919
2010	172	30	5	52	58	69	1	87	90	0	6	68	8	8	0	10	NA	15	1295.25	28.29067	0.2045504	0.09337543	0.1418886	0.3653919
2010	172	30	5	52	58	69	1	83	97	11	22	64	0	0	0	0	NA	15	1025.7333333333	28.29067	0.2045504	0.09337543	0.1418886	0.3653919
2010	172	30	5	52	58	69	0	0	50	0	0	20	1	29	0	0	NA	15	633.2333333333	28.29067	0.2045504	0.09337543	0.1418886	0.3653919
2010	172	30	5	52	58	69	0	0	63	2	2	40	19	0	0	0	NA	15	1238.2066666667	28.29067	0.2045504	0.09337543	0.1418886	0.3653919
2010	172	30	5	52	58	69	2	78	26	0	0	14	0	12	0	0	NA	15	1142.96	28.29067	0.2045504	0.09337543	0.1418886	0.3653919
2010	172	30	5	52	58	69	0	0	61	0	0	45	13	3	0	0	NA	15	898.04	28.29067	0.2045504	0.09337543	0.1418886	0.3653919
2010	172	30	5	52	58	69	3	60	64	5	6	48	5	0	0	0	NA	15	1632.8	28.29067	0.2045504	0.09337543	0.1418886	0.3653919
2010	172	30	5	52	58	69	0	0	27	0	0	17	10	0	1	0	NA	15	506.5866666667	28.29067	0.2045504	0.09337543	0.1418886	0.3653919
2010	172	30	5	52	58	69	2	64	33	0	0	32	0	1	0	0	NA	15	952.4666666667	28.29067	0.2045504	0.09337543	0.1418886	0.3653919
2010	172	30	5	52	58	69	1	42	19	0	0	18	1	0	0	0	NA	15	523.3333333333	28.29067	0.2045504	0.09337543	0.1418886	0.3653919
2010	172	30	5	52	58	69	1	36	34	0	1	27	0	6	0	0	NA	15	1047.7133333333	28.29067	0.2045504	0.09337543	0.1418886	0.3653919
2010	172	30	5	52	58	69	2	77	73	0	24	47	0	2	0	0	NA	15	1333.4533333333	28.29067	0.2045504	0.09337543	0.1418886	0.3653919
2010	172	30	5	52	58	69	2	95	11	0	0	11	0	0	0	0	NA	15	898.04	28.29067	0.2045504	0.09337543	0.1418886	0.3653919
2010	172	30	5	52	58	69	2	31	33	0	8	20	2	3	0	0	NA	15	816.4	28.29067	0.2045504	0.09337543	0.1418886	0.3653919
2010	172	30	5	52	58	69	1	61	16	0	0	15	0	1	0	0	NA	15	633.2333333333	28.29067	0.2045504	0.09337543	0.1418886	0.3653919
2010	172	30	5	52	58	69	3	80	2	0	0	1	0	1	0	0	NA	15	523.3333333333	28.29067	0.2045504	0.09337543	0.1418886	0.3653919
2010	172	30	5	52	58	69	1	85	61	0	0	38	13	10	0	0	NA	15	1238.2066666667	28.29067	0.2045504	0.09337543	0.1418886	0.3653919
2010	172	30	5	52	58	69	2	83	33	0	0	29	1	3	0	0	NA	15	569.91	28.29067	0.2045504	0.09337543	0.1418886	0.3653919
2010	172	30	5	52	58	69	2	107	73	0	0	69	3	1	0	0	NA	15	1648.5	28.29067	0.2045504	0.09337543	0.1418886	0.3653919
2010	172	30	5	52	58	69	1	106	31	0	15	14	0	2	0	0	NA	15	1238.2066666667	28.29067	0.2045504	0.09337543	0.1418886	0.3653919
2010	172	30	5	52	58	69	1	59	56	37	2	17	0	0	0	0	NA	15	828.96	28.29067	0.2045504	0.09337543	0.1418886	0.3653919
2010	113	1	0	2	2	2	2	54	5	0	1	4	0	0	3	5	NA	9	NA	27.24722	20.98756	2.434079	15.63644	21.30692
2010	113	1	0	2	2	2	1	36	50	1	12	37	0	0	0	4	NA	9	7799.76	27.24722	20.98756	2.434079	15.63644	21.30692
2010	113	1	0	2	2	2	0	0	2	0	2	0	0	0	0	6	NA	9	2081.82	27.24722	20.98756	2.434079	15.63644	21.30692
2010	113	1	0	2	2	2	4	1	3	3	0	0	0	0	2	4	NA	9	3736.6	27.24722	20.98756	2.434079	15.63644	21.30692
2010	113	1	0	2	2	2	2	2	5	2	0	3	0	0	4	4	NA	9	3887.8433333333	27.24722	20.98756	2.434079	15.63644	21.30692
2010	158	6A	50	86	101	101	0	0	14	0	0	12	2	0	0	0	NA	16	653.12	29.26118	0.0207376	0.003696896	0.00823737	0.07428892
2010	158	6A	50	86	101	101	2	3	12	0	8	4	0	0	0	3	NA	16	1099	29.26118	0.0207376	0.003696896	0.00823737	0.07428892
2010	158	6A	50	86	101	101	0	0	18	0	4	14	0	0	0	0	NA	16	1473.7066666667	29.26118	0.0207376	0.003696896	0.00823737	0.07428892
2010	158	6A	50	86	101	101	1	10	15	0	4	11	0	0	0	0	NA	16	1966.1633333333	29.26118	0.0207376	0.003696896	0.00823737	0.07428892
2010	158	6A	50	86	101	101	0	0	22	0	0	20	2	0	0	0	NA	16	1128.3066666667	29.26118	0.0207376	0.003696896	0.00823737	0.07428892
2010	158	6A	50	86	101	101	0	0	13	0	0	13	0	0	0	0	NA	16	678.24	29.26118	0.0207376	0.003696896	0.00823737	0.07428892
2010	158	6A	50	86	101	101	2	2	23	0	11	11	0	1	0	1	NA	16	1507.2	29.26118	0.0207376	0.003696896	0.00823737	0.07428892
2010	158	6A	50	86	101	101	2	22	17	2	15	0	0	0	0	0	NA	16	1208.9	29.26118	0.0207376	0.003696896	0.00823737	0.07428892
2010	158	6A	50	86	101	101	1	0	7	2	0	4	0	1	0	0	NA	16	1607.68	29.26118	0.0207376	0.003696896	0.00823737	0.07428892
2010	158	6A	50	86	101	101	1	75	7	1	6	0	0	0	0	0	NA	16	1966.1633333333	29.26118	0.0207376	0.003696896	0.00823737	0.07428892
2010	158	6A	50	86	101	101	0	0	6	0	0	6	0	0	0	0	NA	16	1025.7333333333	29.26118	0.0207376	0.003696896	0.00823737	0.07428892
2010	158	6A	50	86	101	101	1	0	9	0	0	9	0	0	0	0	NA	16	795.99	29.26118	0.0207376	0.003696896	0.00823737	0.07428892
2010	158	6A	50	86	101	101	0	0	11	0	0	11	0	0	0	1	NA	16	795.99	29.26118	0.0207376	0.003696896	0.00823737	0.07428892
2010	158	6A	50	86	101	101	2	30	16	10	4	2	0	0	0	0	NA	16	1632.8	29.26118	0.0207376	0.003696896	0.00823737	0.07428892
2010	158	6A	50	86	101	101	2	16	21	10	11	0	0	0	1	1	NA	16	898.04	29.26118	0.0207376	0.003696896	0.00823737	0.07428892
2010	158	6A	50	86	101	101	0	0	8	0	0	8	0	0	0	0	NA	16	1381.6	29.26118	0.0207376	0.003696896	0.00823737	0.07428892
2010	158	6A	50	86	101	101	0	0	18	0	0	16	2	0	0	0	NA	16	552.64	29.26118	0.0207376	0.003696896	0.00823737	0.07428892
2010	158	6A	50	86	101	101	0	0	3	0	0	3	0	0	0	1	NA	16	1413	29.26118	0.0207376	0.003696896	0.00823737	0.07428892
2010	158	6A	50	86	101	101	2	41	5	1	3	0	1	0	0	0	NA	16	1530.75	29.26118	0.0207376	0.003696896	0.00823737	0.07428892
2010	158	6A	50	86	101	101	1	1	9	0	0	6	2	1	0	0	NA	16	884.4333333333	29.26118	0.0207376	0.003696896	0.00823737	0.07428892
2010	158	6A	50	86	101	101	0	0	0	0	0	0	0	0	1	3	NA	16	1565.8133333333	29.26118	0.0207376	0.003696896	0.00823737	0.07428892
2010	158	6A	50	86	101	101	0	0	5	0	0	5	0	0	0	0	NA	16	884.4333333333	29.26118	0.0207376	0.003696896	0.00823737	0.07428892
2010	158	6A	50	86	101	101	1	0	3	0	0	3	0	0	0	1	NA	16	1473.7066666667	29.26118	0.0207376	0.003696896	0.00823737	0.07428892
2010	158	6A	50	86	101	101	1	0	4	0	0	4	0	0	0	1	NA	16	1607.68	29.26118	0.0207376	0.003696896	0.00823737	0.07428892
2010	158	6A	50	86	101	101	0	0	0	0	0	0	0	0	0	0	NA	16	1381.6	29.26118	0.0207376	0.003696896	0.00823737	0.07428892
2010	158	6A	50	86	101	101	0	0	4	0	0	2	2	0	0	0	NA	16	1025.7333333333	29.26118	0.0207376	0.003696896	0.00823737	0.07428892
2010	158	6A	50	86	101	101	0	0	0	0	0	0	0	0	0	1	NA	16	795.99	29.26118	0.0207376	0.003696896	0.00823737	0.07428892
2010	158	6A	50	86	101	101	2	12	14	3	4	4	3	0	0	0	NA	16	1601.4	29.26118	0.0207376	0.003696896	0.00823737	0.07428892
2010	158	6A	50	86	101	101	0	0	0	0	0	0	0	0	0	0	NA	16	1884	29.26118	0.0207376	0.003696896	0.00823737	0.07428892
2010	158	6A	50	86	101	101	1	0	9	0	0	9	0	0	0	1	NA	16	NA	29.26118	0.0207376	0.003696896	0.00823737	0.07428892
2010	158	6A	50	86	101	101	0	0	5	0	0	5	0	0	0	2	NA	16	1473.7066666667	29.26118	0.0207376	0.003696896	0.00823737	0.07428892
2010	158	6A	50	86	101	101	0	0	2	0	0	2	0	0	1	0	NA	16	1708.16	29.26118	0.0207376	0.003696896	0.00823737	0.07428892
2010	158	6A	50	86	101	101	1	1	22	6	16	0	0	0	0	0	NA	16	1413	29.26118	0.0207376	0.003696896	0.00823737	0.07428892
2010	158	6A	50	86	101	101	1	5	5	0	0	5	0	0	0	0	NA	16	1708.16	29.26118	0.0207376	0.003696896	0.00823737	0.07428892
2010	158	6A	50	86	101	101	1	0	10	4	6	0	0	0	0	0	NA	16	884.4333333333	29.26118	0.0207376	0.003696896	0.00823737	0.07428892
2010	158	6A	50	86	101	101	0	0	5	0	0	0	5	0	0	1	NA	16	795.99	29.26118	0.0207376	0.003696896	0.00823737	0.07428892
2010	158	6A	50	86	101	101	1	0	9	0	0	7	2	0	2	2	NA	16	1025.7333333333	29.26118	0.0207376	0.003696896	0.00823737	0.07428892
2010	158	6A	50	86	101	101	0	0	0	0	0	0	0	0	0	2	NA	16	1025.7333333333	29.26118	0.0207376	0.003696896	0.00823737	0.07428892
2010	158	6A	50	86	101	101	0	0	0	0	0	0	0	0	0	0	NA	16	795.99	29.26118	0.0207376	0.003696896	0.00823737	0.07428892
2010	158	6A	50	86	101	101	0	0	9	0	0	5	4	0	0	0	NA	16	1473.7066666667	29.26118	0.0207376	0.003696896	0.00823737	0.07428892
2010	158	6A	50	86	101	101	0	0	1	0	0	1	0	0	0	0	NA	16	1632.8	29.26118	0.0207376	0.003696896	0.00823737	0.07428892
2010	158	6A	50	86	101	101	0	0	0	0	0	0	0	0	0	0	NA	16	857.22	29.26118	0.0207376	0.003696896	0.00823737	0.07428892
2010	158	6A	50	86	101	101	1	0	3	0	2	0	1	0	2	0	NA	16	1413	29.26118	0.0207376	0.003696896	0.00823737	0.07428892
2010	96	36	26	92	116	132	1	0	63	9	0	47	2	5	0	1	NA	8	1648.5	24.02935	0.06509639	0.0231412	0.0395325	0.1405288
2010	96	36	26	92	116	132	1	0	50	11	21	18	0	0	0	0	NA	8	1875.6266666667	24.02935	0.06509639	0.0231412	0.0395325	0.1405288
2010	96	36	26	92	116	132	1	1	52	9	1	19	16	7	1	0	NA	8	1436.0266666667	24.02935	0.06509639	0.0231412	0.0395325	0.1405288
2010	96	36	26	92	116	132	1	0	54	0	0	54	0	0	3	7	NA	8	2143.5733333333	24.02935	0.06509639	0.0231412	0.0395325	0.1405288
2010	96	36	26	92	116	132	1	0	28	14	0	12	2	0	0	3	NA	8	2009.6	24.02935	0.06509639	0.0231412	0.0395325	0.1405288
2010	96	36	26	92	116	132	1	1	38	5	0	31	2	0	0	3	NA	8	1743.7466666667	24.02935	0.06509639	0.0231412	0.0395325	0.1405288
2010	96	36	26	92	116	132	2	0	81	35	12	34	0	0	0	0	NA	8	1766.25	24.02935	0.06509639	0.0231412	0.0395325	0.1405288
2010	96	36	26	92	116	132	1	0	47	1	1	18	27	0	0	0	NA	8	2009.6	24.02935	0.06509639	0.0231412	0.0395325	0.1405288
2010	96	36	26	92	116	132	1	1	49	21	0	23	0	5	1	3	NA	8	1538.6	24.02935	0.06509639	0.0231412	0.0395325	0.1405288
2010	96	36	26	92	116	132	2	15	35	20	0	10	2	3	0	2	NA	8	2386.4	24.02935	0.06509639	0.0231412	0.0395325	0.1405288
2010	96	36	26	92	116	132	1	0	46	5	11	26	2	2	0	1	NA	8	1641.1733333333	24.02935	0.06509639	0.0231412	0.0395325	0.1405288
2010	96	36	26	92	116	132	2	9	78	23	8	38	4	5	0	0	NA	8	2562.24	24.02935	0.06509639	0.0231412	0.0395325	0.1405288
2010	96	36	26	92	116	132	1	0	46	2	0	30	8	6	1	3	NA	8	1766.25	24.02935	0.06509639	0.0231412	0.0395325	0.1405288
2010	96	36	26	92	116	132	1	0	82	12	0	68	0	2	0	0	NA	8	1992.8533333333	24.02935	0.06509639	0.0231412	0.0395325	0.1405288
2010	96	36	26	92	116	132	1	0	53	9	31	11	2	0	0	0	NA	8	1507.2	24.02935	0.06509639	0.0231412	0.0395325	0.1405288
2010	96	36	26	92	116	132	1	3	33	15	8	5	5	0	0	2	NA	8	2135.2	24.02935	0.06509639	0.0231412	0.0395325	0.1405288
2010	96	36	26	92	116	132	2	0	23	4	4	9	6	0	0	0	NA	8	1149.7633333333	24.02935	0.06509639	0.0231412	0.0395325	0.1405288
2010	96	36	26	92	116	132	1	1	47	19	7	13	8	0	0	3	NA	8	2277.5466666667	24.02935	0.06509639	0.0231412	0.0395325	0.1405288
2010	96	36	26	92	116	132	1	1	56	9	0	29	11	7	0	2	NA	8	2009.6	24.02935	0.06509639	0.0231412	0.0395325	0.1405288
2010	96	36	26	92	116	132	2	0	39	13	5	17	1	3	1	6	NA	8	1884	24.02935	0.06509639	0.0231412	0.0395325	0.1405288
2010	96	36	26	92	116	132	1	0	62	4	0	53	2	3	0	1	NA	8	1758.4	24.02935	0.06509639	0.0231412	0.0395325	0.1405288
2010	96	36	26	92	116	132	1	0	60	27	10	17	2	4	0	2	NA	8	1766.25	24.02935	0.06509639	0.0231412	0.0395325	0.1405288
2010	96	36	26	92	116	132	1	0	40	20	10	9	1	0	0	0	NA	8	1061.32	24.02935	0.06509639	0.0231412	0.0395325	0.1405288
2010	96	36	26	92	116	132	2	0	46	15	2	21	5	3	0	0	NA	8	1992.8533333333	24.02935	0.06509639	0.0231412	0.0395325	0.1405288
2010	96	36	26	92	116	132	1	0	43	10	3	29	1	0	0	0	NA	8	2135.2	24.02935	0.06509639	0.0231412	0.0395325	0.1405288
2010	96	36	26	92	116	132	2	4	42	11	0	23	8	0	0	0	NA	8	1884	24.02935	0.06509639	0.0231412	0.0395325	0.1405288
2010	96	36	26	92	116	132	1	0	30	6	1	18	5	0	0	2	NA	8	2001.75	24.02935	0.06509639	0.0231412	0.0395325	0.1405288
2010	96	36	26	92	116	132	1	0	43	20	12	11	0	0	0	0	NA	8	1538.6	24.02935	0.06509639	0.0231412	0.0395325	0.1405288
2010	96	36	26	92	116	132	1	0	50	2	12	22	9	5	0	0	NA	8	2873.6233333333	24.02935	0.06509639	0.0231412	0.0395325	0.1405288
2010	96	36	26	92	116	132	1	0	41	25	14	0	1	1	0	0	NA	8	2135.2	24.02935	0.06509639	0.0231412	0.0395325	0.1405288
2010	96	36	26	92	116	132	1	3	37	9	18	8	2	0	0	1	NA	8	1766.25	24.02935	0.06509639	0.0231412	0.0395325	0.1405288
2010	96	36	26	92	116	132	NA	1	47	30	0	14	0	3	0	1	NA	8	NA	24.02935	0.06509639	0.0231412	0.0395325	0.1405288
2010	96	36	26	92	116	132	0	0	40	9	11	19	0	1	0	0	NA	8	NA	24.02935	0.06509639	0.0231412	0.0395325	0.1405288
2010	96	36	26	92	116	132	0	0	35	10	16	9	0	0	0	0	NA	8	1436.0266666667	24.02935	0.06509639	0.0231412	0.0395325	0.1405288
2010	96	36	26	92	116	132	0	0	14	4	0	3	7	0	0	0	NA	8	1142.96	24.02935	0.06509639	0.0231412	0.0395325	0.1405288
2010	96	36	26	92	116	132	1	0	29	16	4	8	0	1	1	0	NA	8	1318.8	24.02935	0.06509639	0.0231412	0.0395325	0.1405288
2010	96	36	26	92	116	132	2	2	16	5	1	7	2	1	0	0	NA	8	2001.75	24.02935	0.06509639	0.0231412	0.0395325	0.1405288
2010	96	36	26	92	116	132	0	0	35	0	0	7	27	1	0	0	NA	8	1758.4	24.02935	0.06509639	0.0231412	0.0395325	0.1405288
2010	96	36	26	92	116	132	0	0	44	22	5	16	1	0	0	0	NA	8	2562.24	24.02935	0.06509639	0.0231412	0.0395325	0.1405288
2010	96	36	26	92	116	132	1	0	46	6	0	38	0	2	0	0	NA	8	2571.1366666667	24.02935	0.06509639	0.0231412	0.0395325	0.1405288
2010	96	36	26	92	116	132	1	0	39	20	0	13	5	1	0	5	NA	8	1758.4	24.02935	0.06509639	0.0231412	0.0395325	0.1405288
2010	96	36	26	92	116	132	2	0	92	51	0	26	8	7	1	0	NA	8	2277.5466666667	24.02935	0.06509639	0.0231412	0.0395325	0.1405288
2010	96	36	26	92	116	132	0	0	20	2	0	13	2	3	0	0	NA	8	3014.4	24.02935	0.06509639	0.0231412	0.0395325	0.1405288
2010	96	36	26	92	116	132	1	0	21	2	6	12	1	0	0	0	NA	8	NA	24.02935	0.06509639	0.0231412	0.0395325	0.1405288
2010	96	36	26	92	116	132	1	0	32	13	0	13	3	3	0	1	NA	8	1415.0933333333	24.02935	0.06509639	0.0231412	0.0395325	0.1405288
2010	96	36	26	92	116	132	1	5	11	4	0	1	5	1	0	0	NA	8	1992.8533333333	24.02935	0.06509639	0.0231412	0.0395325	0.1405288
2010	70	56	13	22	46	56	1	159	66	0	0	63	3	0	0	0	214	3	5055.4	23.73893	0.2111818	0.004781315	0.03886669	0.7378676
2010	70	56	13	22	46	56	2	245	22	22	0	0	0	0	0	0	151	3	3560.76	23.73893	0.2111818	0.004781315	0.03886669	0.7378676
2010	70	56	13	22	46	56	3	295	6	0	0	6	0	0	0	0	243	3	3391.2	23.73893	0.2111818	0.004781315	0.03886669	0.7378676
2010	70	56	13	22	46	56	1	204	32	0	0	32	0	0	0	0	175	3	3768	23.73893	0.2111818	0.004781315	0.03886669	0.7378676
2010	70	56	13	22	46	56	1	176	22	0	0	22	0	0	0	0	198	3	3967.39	23.73893	0.2111818	0.004781315	0.03886669	0.7378676
2010	70	56	13	22	46	56	2	174	34	0	0	34	0	0	0	0	254	3	4176.2	23.73893	0.2111818	0.004781315	0.03886669	0.7378676
2010	70	56	13	22	46	56	2	87	16	0	0	16	0	0	0	0	96	3	1875.6266666667	23.73893	0.2111818	0.004781315	0.03886669	0.7378676
2010	70	56	13	22	46	56	1	218	0	0	0	0	0	0	0	0	158	3	2260.8	23.73893	0.2111818	0.004781315	0.03886669	0.7378676
2010	70	56	13	22	46	56	1	154	10	0	0	10	0	0	0	0	200	3	3380.7333333333	23.73893	0.2111818	0.004781315	0.03886669	0.7378676
2010	70	56	13	22	46	56	2	118	3	0	0	3	0	0	0	0	223	3	1992.8533333333	23.73893	0.2111818	0.004781315	0.03886669	0.7378676
2010	70	56	13	22	46	56	1	158	1	0	0	0	0	1	0	0	198	3	1992.8533333333	23.73893	0.2111818	0.004781315	0.03886669	0.7378676
2010	70	56	13	22	46	56	2	155	26	15	0	11	0	0	0	0	121	3	3400.62	23.73893	0.2111818	0.004781315	0.03886669	0.7378676
2010	70	56	13	22	46	56	1	148	13	0	0	13	0	0	0	0	170	3	2543.4	23.73893	0.2111818	0.004781315	0.03886669	0.7378676
2010	70	56	13	22	46	56	1	111	26	7	0	19	0	0	2	0	226	3	3560.76	23.73893	0.2111818	0.004781315	0.03886669	0.7378676
2010	70	56	13	22	46	56	1	224	30	4	0	24	0	2	0	0	252	3	3181.8666666667	23.73893	0.2111818	0.004781315	0.03886669	0.7378676
2010	70	56	13	22	46	56	1	190	7	5	0	2	0	0	0	0	79	3	1875.6266666667	23.73893	0.2111818	0.004781315	0.03886669	0.7378676
2010	70	56	13	22	46	56	1	129	0	0	0	0	0	0	0	0	218	3	2277.5466666667	23.73893	0.2111818	0.004781315	0.03886669	0.7378676
2010	70	56	13	22	46	56	2	13	32	0	0	32	0	0	0	0	NA	3	1758.4	23.73893	0.2111818	0.004781315	0.03886669	0.7378676
2010	70	56	13	22	46	56	1	82	22	22	0	0	0	0	0	0	197	3	2009.6	23.73893	0.2111818	0.004781315	0.03886669	0.7378676
2010	113	04N	3	3	4	4	0	0	48	1	3	13	31	0	0	1	NA	11	2562.24	27.20898	18.55348	0.8648726	13.20236	18.87284
2010	113	04N	3	3	4	4	0	0	46	2	12	10	22	0	0	1	NA	11	1632.8	27.20898	18.55348	0.8648726	13.20236	18.87284
2010	113	04N	3	3	4	4	0	0	49	0	2	15	27	5	1	1	NA	11	2712.96	27.20898	18.55348	0.8648726	13.20236	18.87284
2010	113	04N	3	3	4	4	0	0	42	0	4	6	32	0	0	0	NA	11	2562.24	27.20898	18.55348	0.8648726	13.20236	18.87284
2010	113	04N	3	3	4	4	1	0	41	0	5	11	23	2	0	1	NA	11	2009.6	27.20898	18.55348	0.8648726	13.20236	18.87284
2010	113	04N	3	3	4	4	0	0	49	0	18	5	25	1	0	0	NA	11	2260.8	27.20898	18.55348	0.8648726	13.20236	18.87284
2010	113	04N	3	3	4	4	1	0	40	3	11	7	16	3	0	4	NA	11	1992.8533333333	27.20898	18.55348	0.8648726	13.20236	18.87284
2010	113	04N	3	3	4	4	0	0	19	0	3	4	12	0	0	1	NA	11	NA	27.20898	18.55348	0.8648726	13.20236	18.87284
2010	113	04N	3	3	4	4	0	0	30	0	6	9	15	0	0	6	NA	11	1875.6266666667	27.20898	18.55348	0.8648726	13.20236	18.87284
2010	113	04N	3	3	4	4	0	0	25	1	3	1	19	1	0	2	NA	11	1318.8	27.20898	18.55348	0.8648726	13.20236	18.87284
2010	113	04N	3	3	4	4	0	0	30	1	5	4	20	0	0	0	NA	11	1648.5	27.20898	18.55348	0.8648726	13.20236	18.87284
2010	113	04N	3	3	4	4	0	0	50	0	10	7	28	5	0	1	NA	11	2135.2	27.20898	18.55348	0.8648726	13.20236	18.87284
2010	113	04N	3	3	4	4	0	0	24	1	5	1	17	0	0	0	NA	11	1538.6	27.20898	18.55348	0.8648726	13.20236	18.87284
2010	113	04N	3	3	4	4	0	0	40	0	15	4	19	2	0	0	NA	11	3391.2	27.20898	18.55348	0.8648726	13.20236	18.87284
2010	113	04N	3	3	4	4	0	0	55	0	9	16	27	3	1	1	NA	11	2684.7	27.20898	18.55348	0.8648726	13.20236	18.87284
2010	113	04N	3	3	4	4	1	0	56	0	9	17	29	1	0	0	NA	11	2373.84	27.20898	18.55348	0.8648726	13.20236	18.87284
2010	113	04N	3	3	4	4	2	9	60	11	21	18	1	9	1	2	NA	11	1530.75	27.20898	18.55348	0.8648726	13.20236	18.87284
2010	113	04N	3	3	4	4	1	1	72	4	30	14	19	5	0	0	NA	11	2277.5466666667	27.20898	18.55348	0.8648726	13.20236	18.87284
2010	113	04N	3	3	4	4	0	0	36	0	6	7	23	0	0	2	NA	11	2009.6	27.20898	18.55348	0.8648726	13.20236	18.87284
2010	113	04N	3	3	4	4	1	1	22	4	11	4	1	2	0	1	NA	11	1224.6	27.20898	18.55348	0.8648726	13.20236	18.87284
2010	113	04N	3	3	4	4	0	0	91	0	0	23	60	8	0	0	NA	11	2535.55	27.20898	18.55348	0.8648726	13.20236	18.87284
2010	113	04N	3	3	4	4	0	0	44	0	9	6	27	2	0	0	NA	11	2135.2	27.20898	18.55348	0.8648726	13.20236	18.87284
2010	113	04N	3	3	4	4	0	0	46	3	4	16	21	2	2	2	NA	11	2135.2	27.20898	18.55348	0.8648726	13.20236	18.87284
2010	113	04N	3	3	4	4	0	0	36	1	1	4	29	1	0	2	NA	11	1868.3	27.20898	18.55348	0.8648726	13.20236	18.87284
2010	113	04N	3	3	4	4	0	0	39	4	17	3	15	0	0	0	NA	11	2722.38	27.20898	18.55348	0.8648726	13.20236	18.87284
2010	113	04N	3	3	4	4	0	0	63	0	16	14	33	0	0	1	NA	11	2833.85	27.20898	18.55348	0.8648726	13.20236	18.87284
2010	113	04N	3	3	4	4	1	10	33	0	7	19	1	6	0	4	NA	11	2277.5466666667	27.20898	18.55348	0.8648726	13.20236	18.87284
2010	113	04N	3	3	4	4	1	1	22	0	6	2	13	1	0	1	NA	11	1632.8	27.20898	18.55348	0.8648726	13.20236	18.87284
2010	113	04N	3	3	4	4	0	0	25	0	1	4	15	5	1	1	NA	11	1868.3	27.20898	18.55348	0.8648726	13.20236	18.87284
2010	113	04N	3	3	4	4	1	1	33	1	4	4	24	0	0	1	NA	11	1648.5	27.20898	18.55348	0.8648726	13.20236	18.87284
2010	70	201	6	7	7	12	1	87	84	28	0	53	0	3	0	0	128	2	1413	23.7373	2.309463	0.03416471	1.69632	3.847196
2010	70	201	6	7	7	12	1	87	95	25	0	68	0	2	1	0	125	2	1875.6266666667	23.7373	2.309463	0.03416471	1.69632	3.847196
2010	70	201	6	7	7	12	1	106	0	0	0	0	0	0	0	0	150	2	1428.7	23.7373	2.309463	0.03416471	1.69632	3.847196
2010	70	201	6	7	7	12	2	180	0	0	0	0	0	0	0	0	273	2	2277.5466666667	23.7373	2.309463	0.03416471	1.69632	3.847196
2010	70	201	6	7	7	12	1	59	25	0	0	22	0	3	0	0	73	2	1061.32	23.7373	2.309463	0.03416471	1.69632	3.847196
2010	70	201	6	7	7	12	1	176	0	0	0	0	0	0	0	0	194	2	1507.2	23.7373	2.309463	0.03416471	1.69632	3.847196
2010	70	201	6	7	7	12	1	88	16	0	0	16	0	0	0	0	76	2	1061.32	23.7373	2.309463	0.03416471	1.69632	3.847196
2010	70	201	6	7	7	12	2	124	16	1	15	0	0	0	0	0	192	2	1333.4533333333	23.7373	2.309463	0.03416471	1.69632	3.847196
2010	70	201	6	7	7	12	1	107	36	0	0	36	0	0	0	0	138	2	1333.4533333333	23.7373	2.309463	0.03416471	1.69632	3.847196
2010	70	201	6	7	7	12	2	124	9	1	8	0	0	0	0	0	91	2	1142.96	23.7373	2.309463	0.03416471	1.69632	3.847196
2010	70	201	6	7	7	12	2	128	2	0	0	2	0	0	0	0	205	2	1538.6	23.7373	2.309463	0.03416471	1.69632	3.847196
2010	70	201	6	7	7	12	1	132	5	5	0	0	0	0	1	1	180	2	1538.6	23.7373	2.309463	0.03416471	1.69632	3.847196
2010	70	201	6	7	7	12	1	53	71	4	1	66	0	0	1	0	179	2	1061.32	23.7373	2.309463	0.03416471	1.69632	3.847196
2010	70	201	6	7	7	12	1	68	14	0	0	14	0	0	0	0	NA	2	1142.96	23.7373	2.309463	0.03416471	1.69632	3.847196
2010	70	201	6	7	7	12	1	91	34	0	0	34	0	0	0	0	180	2	1868.3	23.7373	2.309463	0.03416471	1.69632	3.847196
2010	70	201	6	7	7	12	1	164	0	0	0	0	0	0	0	0	155	2	1128.3066666667	23.7373	2.309463	0.03416471	1.69632	3.847196
2010	70	201	6	7	7	12	1	120	5	1	0	4	0	0	0	0	146	2	1142.96	23.7373	2.309463	0.03416471	1.69632	3.847196
2010	70	201	6	7	7	12	1	150	0	0	0	0	0	0	0	0	201	2	1333.4533333333	23.7373	2.309463	0.03416471	1.69632	3.847196
2010	70	201	6	7	7	12	2	70	32	0	0	31	1	0	1	0	91	2	828.96	23.7373	2.309463	0.03416471	1.69632	3.847196
2010	70	201	6	7	7	12	2	103	0	0	0	0	0	0	0	0	146	2	1142.96	23.7373	2.309463	0.03416471	1.69632	3.847196
2010	70	201	6	7	7	12	2	113	2	0	0	2	0	0	5	0	85	2	1238.2066666667	23.7373	2.309463	0.03416471	1.69632	3.847196
2010	70	201	6	7	7	12	1	148	3	0	0	3	0	0	0	0	108	2	1413	23.7373	2.309463	0.03416471	1.69632	3.847196
2010	70	58	15	22	45	56	1	62	59	8	28	18	2	3	4	4	91	5	2419.8933333333	23.73897	0.2464358	0.02959808	0.04338751	0.7767343
2010	70	58	15	22	45	56	1	29	84	9	52	17	5	1	0	0	136	5	2009.6	23.73897	0.2464358	0.02959808	0.04338751	0.7767343
2010	70	58	15	22	45	56	1	48	74	12	29	32	1	0	0	0	106	5	3211.6966666667	23.73897	0.2464358	0.02959808	0.04338751	0.7767343
2010	70	58	15	22	45	56	1	92	38	7	7	21	3	0	0	0	316	5	3052.08	23.73897	0.2464358	0.02959808	0.04338751	0.7767343
2010	70	58	15	22	45	56	2	33	31	5	7	18	1	0	0	4	68	5	1884	23.73897	0.2464358	0.02959808	0.04338751	0.7767343
2010	70	58	15	22	45	56	2	16	86	0	58	22	5	1	0	0	83	5	2009.6	23.73897	0.2464358	0.02959808	0.04338751	0.7767343
2010	70	58	15	22	45	56	1	41	40	15	17	5	1	2	0	0	36	5	1333.4533333333	23.73897	0.2464358	0.02959808	0.04338751	0.7767343
2010	70	58	15	22	45	56	1	15	60	3	48	7	1	1	0	0	46	5	1055.04	23.73897	0.2464358	0.02959808	0.04338751	0.7767343
2010	70	58	15	22	45	56	1	37	72	15	49	6	0	2	1	3	134	5	2419.8933333333	23.73897	0.2464358	0.02959808	0.04338751	0.7767343
2010	70	58	15	22	45	56	1	35	61	3	47	11	0	0	0	0	74	5	1884	23.73897	0.2464358	0.02959808	0.04338751	0.7767343
2010	70	58	15	22	45	56	1	6	42	6	24	10	0	2	0	0	32	5	1333.4533333333	23.73897	0.2464358	0.02959808	0.04338751	0.7767343
2010	70	58	15	22	45	56	1	26	36	3	25	8	0	0	0	0	73	5	1884	23.73897	0.2464358	0.02959808	0.04338751	0.7767343
2010	70	58	15	22	45	56	2	22	18	2	9	7	0	0	0	0	98	5	1061.32	23.73897	0.2464358	0.02959808	0.04338751	0.7767343
2010	70	58	15	22	45	56	1	6	20	2	17	1	0	0	0	2	168	5	2277.5466666667	23.73897	0.2464358	0.02959808	0.04338751	0.7767343
2010	70	58	15	22	45	56	1	11	38	13	21	4	0	0	0	0	22	5	1230.88	23.73897	0.2464358	0.02959808	0.04338751	0.7767343
2010	70	58	15	22	45	56	1	8	30	8	18	2	0	2	0	0	41	5	828.96	23.73897	0.2464358	0.02959808	0.04338751	0.7767343
2010	70	58	15	22	45	56	1	15	50	5	29	15	1	0	0	0	74	5	1538.6	23.73897	0.2464358	0.02959808	0.04338751	0.7767343
2010	70	58	15	22	45	56	2	49	48	11	33	3	0	1	0	0	98	5	1538.6	23.73897	0.2464358	0.02959808	0.04338751	0.7767343
2010	70	58	15	22	45	56	2	36	20	0	8	9	3	0	1	2	89	5	1875.6266666667	23.73897	0.2464358	0.02959808	0.04338751	0.7767343
2010	70	58	15	22	45	56	2	30	62	3	45	11	1	2	3	8	96	5	2277.5466666667	23.73897	0.2464358	0.02959808	0.04338751	0.7767343
2010	70	58	15	22	45	56	1	35	54	12	32	9	1	0	0	0	64	5	1884	23.73897	0.2464358	0.02959808	0.04338751	0.7767343
2010	70	58	15	22	45	56	1	11	42	5	26	6	1	4	0	0	52	5	979.68	23.73897	0.2464358	0.02959808	0.04338751	0.7767343
2010	70	58	15	22	45	56	1	10	31	0	4	27	0	0	4	3	125	5	2135.2	23.73897	0.2464358	0.02959808	0.04338751	0.7767343
2010	158	29	21	96	101	101	0	0	50	0	0	48	2	0	0	2	NA	17	2543.4	29.26468	0.08823646	0.03192997	0.0446883	0.1669469
2010	158	29	21	96	101	101	1	32	38	0	10	27	1	0	0	0	NA	17	1850.5066666667	29.26468	0.08823646	0.03192997	0.0446883	0.1669469
2010	158	29	21	96	101	101	1	44	20	3	17	0	0	0	0	0	NA	17	1741.6533333333	29.26468	0.08823646	0.03192997	0.0446883	0.1669469
2010	158	29	21	96	101	101	2	3	13	0	6	7	0	0	1	0	NA	17	1875.6266666667	29.26468	0.08823646	0.03192997	0.0446883	0.1669469
2010	158	29	21	96	101	101	1	0	13	0	0	13	0	0	0	0	NA	17	2268.65	29.26468	0.08823646	0.03192997	0.0446883	0.1669469
2010	158	29	21	96	101	101	1	51	0	0	0	0	0	0	0	0	NA	17	1868.3	29.26468	0.08823646	0.03192997	0.0446883	0.1669469
2010	158	29	21	96	101	101	1	1	13	0	7	6	0	0	0	0	NA	17	2135.2	29.26468	0.08823646	0.03192997	0.0446883	0.1669469
2010	158	29	21	96	101	101	1	41	72	11	22	39	0	0	0	0	NA	17	2402.1	29.26468	0.08823646	0.03192997	0.0446883	0.1669469
2010	158	29	21	96	101	101	3	0	44	0	6	38	0	0	0	0	NA	17	1992.8533333333	29.26468	0.08823646	0.03192997	0.0446883	0.1669469
2010	158	29	21	96	101	101	1	40	55	2	7	45	1	0	0	0	NA	17	2402.1	29.26468	0.08823646	0.03192997	0.0446883	0.1669469
2010	158	29	21	96	101	101	1	1	17	0	1	16	0	0	0	0	NA	17	1875.6266666667	29.26468	0.08823646	0.03192997	0.0446883	0.1669469
2010	158	29	21	96	101	101	1	2	32	0	31	0	1	0	1	0	NA	17	1734.85	29.26468	0.08823646	0.03192997	0.0446883	0.1669469
2010	158	29	21	96	101	101	1	90	12	2	10	0	0	0	0	0	NA	17	2543.4	29.26468	0.08823646	0.03192997	0.0446883	0.1669469
2010	158	29	21	96	101	101	1	64	20	7	11	2	0	0	0	1	NA	17	2543.4	29.26468	0.08823646	0.03192997	0.0446883	0.1669469
2010	158	29	21	96	101	101	1	37	40	3	10	27	0	0	1	0	NA	17	2402.1	29.26468	0.08823646	0.03192997	0.0446883	0.1669469
2010	158	29	21	96	101	101	4	74	87	0	18	68	0	1	0	0	NA	17	3349.3333333333	29.26468	0.08823646	0.03192997	0.0446883	0.1669469
2010	158	29	21	96	101	101	1	13	45	3	9	33	0	0	0	0	NA	17	2562.24	29.26468	0.08823646	0.03192997	0.0446883	0.1669469
2010	158	29	21	96	101	101	1	0	18	5	0	11	2	0	0	0	NA	17	2882.52	29.26468	0.08823646	0.03192997	0.0446883	0.1669469
2010	158	29	21	96	101	101	0	0	43	0	8	35	0	0	0	2	NA	17	1850.5066666667	29.26468	0.08823646	0.03192997	0.0446883	0.1669469
2010	158	29	21	96	101	101	1	6	31	3	20	7	1	0	0	0	NA	17	1530.75	29.26468	0.08823646	0.03192997	0.0446883	0.1669469
2010	158	29	21	96	101	101	1	19	10	0	0	9	1	0	0	1	NA	17	2366.5133333333	29.26468	0.08823646	0.03192997	0.0446883	0.1669469
2010	158	29	21	96	101	101	1	43	15	0	11	4	0	0	1	0	NA	17	1875.6266666667	29.26468	0.08823646	0.03192997	0.0446883	0.1669469
2010	158	29	21	96	101	101	1	3	12	0	4	8	0	0	0	0	NA	17	2241.96	29.26468	0.08823646	0.03192997	0.0446883	0.1669469
2010	158	29	21	96	101	101	1	0	13	0	0	13	0	0	0	0	NA	17	1708.16	29.26468	0.08823646	0.03192997	0.0446883	0.1669469
2010	158	29	21	96	101	101	0	0	10	0	1	7	2	0	0	0	NA	17	1413	29.26468	0.08823646	0.03192997	0.0446883	0.1669469
2010	158	29	21	96	101	101	1	24	38	11	9	18	0	0	0	0	NA	17	2373.84	29.26468	0.08823646	0.03192997	0.0446883	0.1669469
2010	158	29	21	96	101	101	2	19	31	1	3	24	3	0	1	0	NA	17	2402.1	29.26468	0.08823646	0.03192997	0.0446883	0.1669469
2010	158	29	21	96	101	101	2	0	26	0	2	24	0	0	0	0	NA	17	2411.52	29.26468	0.08823646	0.03192997	0.0446883	0.1669469
2010	158	29	21	96	101	101	2	30	27	6	1	20	0	0	0	0	NA	17	1538.6	29.26468	0.08823646	0.03192997	0.0446883	0.1669469
2010	158	29	21	96	101	101	1	27	12	0	0	11	1	0	0	0	NA	17	2268.65	29.26468	0.08823646	0.03192997	0.0446883	0.1669469
2010	158	29	21	96	101	101	1	4	12	0	2	7	0	3	0	0	NA	17	1875.6266666667	29.26468	0.08823646	0.03192997	0.0446883	0.1669469
2010	158	29	21	96	101	101	0	0	13	0	0	13	0	0	0	0	NA	17	1868.3	29.26468	0.08823646	0.03192997	0.0446883	0.1669469
2010	158	29	21	96	101	101	1	1	11	0	0	11	0	0	1	1	NA	17	2117.4066666667	29.26468	0.08823646	0.03192997	0.0446883	0.1669469
2010	158	29	21	96	101	101	1	57	10	10	0	0	0	0	0	0	NA	17	1992.8533333333	29.26468	0.08823646	0.03192997	0.0446883	0.1669469
2010	158	29	21	96	101	101	1	58	0	0	0	0	0	0	0	1	NA	17	2326.74	29.26468	0.08823646	0.03192997	0.0446883	0.1669469
2010	158	29	21	96	101	101	1	6	2	1	1	0	0	0	0	3	NA	17	2505.72	29.26468	0.08823646	0.03192997	0.0446883	0.1669469
2010	158	29	21	96	101	101	1	48	14	0	1	12	0	1	0	0	NA	17	1875.6266666667	29.26468	0.08823646	0.03192997	0.0446883	0.1669469
2010	158	29	21	96	101	101	1	1	2	0	2	0	0	0	0	0	NA	17	1758.4	29.26468	0.08823646	0.03192997	0.0446883	0.1669469
2010	158	29	21	96	101	101	1	19	1	0	1	0	0	0	0	0	NA	17	2712.96	29.26468	0.08823646	0.03192997	0.0446883	0.1669469
2010	158	29	21	96	101	101	1	23	0	0	0	0	0	0	0	0	NA	17	2644.9266666667	29.26468	0.08823646	0.03192997	0.0446883	0.1669469
2010	158	29	21	96	101	101	1	0	28	0	0	27	1	0	0	1	NA	17	1741.6533333333	29.26468	0.08823646	0.03192997	0.0446883	0.1669469
2010	158	29	21	96	101	101	1	4	14	0	0	14	0	0	0	0	NA	17	1632.8	29.26468	0.08823646	0.03192997	0.0446883	0.1669469
2010	158	29	21	96	101	101	0	0	1	0	1	0	0	0	0	1	NA	17	2110.08	29.26468	0.08823646	0.03192997	0.0446883	0.1669469
2010	158	29	21	96	101	101	0	0	1	1	0	0	0	0	3	0	NA	17	1428.7	29.26468	0.08823646	0.03192997	0.0446883	0.1669469
2010	158	29	21	96	101	101	2	23	1	0	1	0	0	0	0	1	NA	17	2241.96	29.26468	0.08823646	0.03192997	0.0446883	0.1669469
2010	158	29	21	96	101	101	0	0	4	0	0	3	1	0	0	0	NA	17	1884	29.26468	0.08823646	0.03192997	0.0446883	0.1669469
2010	158	29	21	96	101	101	1	0	0	0	0	0	0	0	0	2	NA	17	1992.8533333333	29.26468	0.08823646	0.03192997	0.0446883	0.1669469
2010	158	29	21	96	101	101	1	0	0	0	0	0	0	0	0	0	NA	17	1992.8533333333	29.26468	0.08823646	0.03192997	0.0446883	0.1669469
2010	113	04M	3	3	4	4	0	0	45	1	18	2	24	0	0	3	NA	10	1538.6	27.20897	18.54505	0.8564486	13.19394	18.86442
2010	113	04M	3	3	4	4	0	0	42	0	12	3	26	1	0	0	NA	10	1149.7633333333	27.20897	18.54505	0.8564486	13.19394	18.86442
2010	113	04M	3	3	4	4	0	0	20	2	5	0	12	1	0	1	NA	10	967.12	27.20897	18.54505	0.8564486	13.19394	18.86442
2010	113	04M	3	3	4	4	0	0	131	1	26	47	47	10	0	0	NA	10	3579.6	27.20897	18.54505	0.8564486	13.19394	18.86442
2010	113	04M	3	3	4	4	0	0	74	0	9	31	32	2	2	11	NA	10	NA	27.20897	18.54505	0.8564486	13.19394	18.86442
2010	113	04M	3	3	4	4	1	0	86	2	22	21	39	2	0	1	NA	10	3014.4	27.20897	18.54505	0.8564486	13.19394	18.86442
2010	113	04M	3	3	4	4	1	5	51	1	25	1	23	1	0	1	NA	10	1436.0266666667	27.20897	18.54505	0.8564486	13.19394	18.86442
2010	113	04M	3	3	4	4	1	0	24	0	5	0	19	0	0	0	NA	10	690.8	27.20897	18.54505	0.8564486	13.19394	18.86442
2010	113	04M	3	3	4	4	1	0	50	0	22	2	24	2	0	2	NA	10	1142.96	27.20897	18.54505	0.8564486	13.19394	18.86442
2010	113	04M	3	3	4	4	2	0	42	8	14	10	7	3	0	1	NA	10	2722.38	27.20897	18.54505	0.8564486	13.19394	18.86442
2010	113	04M	3	3	4	4	1	0	38	0	3	2	33	0	0	1	NA	10	1318.8	27.20897	18.54505	0.8564486	13.19394	18.86442
2010	113	04M	3	3	4	4	1	3	43	2	19	9	10	3	0	2	NA	10	1850.5066666667	27.20897	18.54505	0.8564486	13.19394	18.86442
2010	113	04M	3	3	4	4	1	10	39	5	21	5	4	4	0	0	NA	10	2419.8933333333	27.20897	18.54505	0.8564486	13.19394	18.86442
2010	113	04M	3	3	4	4	0	0	38	3	14	2	18	1	0	1	NA	10	1047.7133333333	27.20897	18.54505	0.8564486	13.19394	18.86442
2010	113	04M	3	3	4	4	0	0	34	0	1	13	15	5	0	2	NA	10	1632.8	27.20897	18.54505	0.8564486	13.19394	18.86442
2010	113	04M	3	3	4	4	0	0	47	1	4	4	38	0	0	1	NA	10	1743.7466666667	27.20897	18.54505	0.8564486	13.19394	18.86442
2010	113	04M	3	3	4	4	1	0	68	7	22	8	28	3	0	3	NA	10	1436.0266666667	27.20897	18.54505	0.8564486	13.19394	18.86442
2010	113	04M	3	3	4	4	0	0	37	3	17	7	10	0	0	0	NA	10	1428.7	27.20897	18.54505	0.8564486	13.19394	18.86442
2010	113	04M	3	3	4	4	1	0	27	2	4	5	14	2	0	0	NA	10	1197.3866666667	27.20897	18.54505	0.8564486	13.19394	18.86442
2010	113	04M	3	3	4	4	1	0	56	5	9	20	20	2	0	2	NA	10	2545.4933333333	27.20897	18.54505	0.8564486	13.19394	18.86442
2010	113	04M	3	3	4	4	1	0	49	0	2	9	36	2	2	2	NA	10	1641.1733333333	27.20897	18.54505	0.8564486	13.19394	18.86442
2010	113	04M	3	3	4	4	1	0	68	0	34	4	25	5	0	0	NA	10	1884	27.20897	18.54505	0.8564486	13.19394	18.86442
2010	113	04M	3	3	4	4	1	0	68	0	15	10	41	2	0	1	NA	10	2712.96	27.20897	18.54505	0.8564486	13.19394	18.86442
2010	113	04M	3	3	4	4	1	0	51	4	6	4	37	0	0	0	NA	10	1632.8	27.20897	18.54505	0.8564486	13.19394	18.86442
2010	113	04M	3	3	4	4	1	0	37	3	18	5	6	5	1	2	NA	10	2204.28	27.20897	18.54505	0.8564486	13.19394	18.86442
2010	113	04M	3	3	4	4	1	0	78	4	10	23	39	2	0	1	NA	10	3778.4666666667	27.20897	18.54505	0.8564486	13.19394	18.86442
2010	113	04M	3	3	4	4	1	8	107	9	52	19	17	10	0	0	NA	10	1766.25	27.20897	18.54505	0.8564486	13.19394	18.86442
2010	113	04M	3	3	4	4	0	0	54	2	4	5	42	1	0	2	NA	10	1875.6266666667	27.20897	18.54505	0.8564486	13.19394	18.86442
2010	113	04M	3	3	4	4	1	0	49	2	17	1	27	2	0	3	NA	10	2135.2	27.20897	18.54505	0.8564486	13.19394	18.86442
2010	113	04M	3	3	4	4	0	1	43	0	12	8	22	1	0	1	NA	10	1413	27.20897	18.54505	0.8564486	13.19394	18.86442
2010	113	04M	3	3	4	4	1	0	21	1	5	6	9	0	3	4	NA	10	1197.3866666667	27.20897	18.54505	0.8564486	13.19394	18.86442
2010	113	04M	3	3	4	4	1	2	63	0	32	4	19	8	1	0	NA	10	1875.6266666667	27.20897	18.54505	0.8564486	13.19394	18.86442
2010	113	04M	3	3	4	4	1	0	43	0	0	6	35	2	0	5	NA	10	2001.75	27.20897	18.54505	0.8564486	13.19394	18.86442
2010	113	04M	3	3	4	4	1	5	61	2	31	5	15	8	1	1	NA	10	1538.6	27.20897	18.54505	0.8564486	13.19394	18.86442
2010	113	04M	3	3	4	4	1	0	68	0	28	5	33	2	0	9	NA	10	1530.75	27.20897	18.54505	0.8564486	13.19394	18.86442
2010	113	04M	3	3	4	4	1	0	65	0	18	9	35	3	0	0	NA	10	1230.88	27.20897	18.54505	0.8564486	13.19394	18.86442
2010	113	04M	3	3	4	4	1	0	37	0	10	1	25	1	0	1	NA	10	1648.5	27.20897	18.54505	0.8564486	13.19394	18.86442
2010	113	04M	3	3	4	4	2	0	24	1	12	1	9	1	0	1	NA	10	1047.7133333333	27.20897	18.54505	0.8564486	13.19394	18.86442
2010	113	04M	3	3	4	4	0	0	48	1	8	4	34	1	0	1	NA	10	2419.8933333333	27.20897	18.54505	0.8564486	13.19394	18.86442
2010	113	04M	3	3	4	4	1	9	37	1	17	3	15	1	0	0	NA	10	1648.5	27.20897	18.54505	0.8564486	13.19394	18.86442
2010	113	04M	3	3	4	4	0	0	20	0	6	3	11	0	0	1	NA	10	972.8766666667	27.20897	18.54505	0.8564486	13.19394	18.86442
2010	113	04M	3	3	4	4	0	0	82	3	20	12	46	1	1	5	NA	10	2712.96	27.20897	18.54505	0.8564486	13.19394	18.86442
2010	113	04M	3	3	4	4	0	0	38	3	8	13	4	10	0	2	NA	10	1208.9	27.20897	18.54505	0.8564486	13.19394	18.86442
2010	70	8	14	22	45	55	1	112	2	0	0	2	0	0	0	0	286	4	3131.6266666667	23.73801	0.2837293	0.03729352	0.07493069	0.8140278
2010	70	8	14	22	45	55	1	111	5	4	0	1	0	0	0	0	NA	4	NA	23.73801	0.2837293	0.03729352	0.07493069	0.8140278
2010	70	8	14	22	45	55	2	135	1	1	0	0	0	0	0	0	261	4	3730.32	23.73801	0.2837293	0.03729352	0.07493069	0.8140278
2010	70	8	14	22	45	55	1	119	5	0	0	5	0	0	0	0	226	4	2863.68	23.73801	0.2837293	0.03729352	0.07493069	0.8140278
2010	70	8	14	22	45	55	2	135	25	1	0	24	0	0	0	0	148	4	2386.4	23.73801	0.2837293	0.03729352	0.07493069	0.8140278
2010	70	8	14	22	45	55	1	72	3	2	0	1	0	0	0	0	223	4	2669	23.73801	0.2837293	0.03729352	0.07493069	0.8140278
2010	70	8	14	22	45	55	1	45	14	11	3	0	0	0	0	0	331	4	3589.5433333333	23.73801	0.2837293	0.03729352	0.07493069	0.8140278
2010	172	4	24	58	59	69	1	147	16	0	0	16	0	0	1	0	NA	14	1814.92	28.29127	0.06553932	0.009899212	0.03190296	0.1725192
2010	172	4	24	58	59	69	2	154	26	3	12	11	0	0	2	0	NA	14	2326.74	28.29127	0.06553932	0.009899212	0.03190296	0.1725192
2010	172	4	24	58	59	69	2	109	43	0	2	34	7	0	2	0	NA	14	1966.1633333333	28.29127	0.06553932	0.009899212	0.03190296	0.1725192
2010	172	4	24	58	59	69	1	145	47	2	10	35	0	0	0	0	NA	14	2373.84	28.29127	0.06553932	0.009899212	0.03190296	0.1725192
2010	172	4	24	58	59	69	3	116	21	0	0	21	0	0	1	5	NA	14	2081.82	28.29127	0.06553932	0.009899212	0.03190296	0.1725192
2010	172	4	24	58	59	69	1	90	51	1	6	43	1	0	0	0	NA	14	1413	28.29127	0.06553932	0.009899212	0.03190296	0.1725192
2010	172	4	24	58	59	69	2	115	42	0	2	36	4	0	3	0	NA	14	1959.36	28.29127	0.06553932	0.009899212	0.03190296	0.1725192
2010	172	4	24	58	59	69	3	147	13	1	0	12	0	0	2	1	NA	14	1966.1633333333	28.29127	0.06553932	0.009899212	0.03190296	0.1725192
2010	172	4	24	58	59	69	2	99	9	9	0	0	0	0	1	1	NA	14	1318.8	28.29127	0.06553932	0.009899212	0.03190296	0.1725192
2010	172	4	24	58	59	69	3	229	13	1	0	11	1	0	2	1	NA	14	2204.28	28.29127	0.06553932	0.009899212	0.03190296	0.1725192
2010	172	4	24	58	59	69	3	109	22	0	22	0	0	0	5	0	NA	14	1632.8	28.29127	0.06553932	0.009899212	0.03190296	0.1725192
2010	172	4	24	58	59	69	2	153	5	5	0	0	0	0	0	0	NA	14	1966.1633333333	28.29127	0.06553932	0.009899212	0.03190296	0.1725192
2010	172	4	24	58	59	69	3	130	24	0	0	24	0	0	0	3	NA	14	1741.6533333333	28.29127	0.06553932	0.009899212	0.03190296	0.1725192
2010	172	4	24	58	59	69	3	89	23	12	4	7	0	0	1	0	NA	14	1607.68	28.29127	0.06553932	0.009899212	0.03190296	0.1725192
2010	172	4	24	58	59	69	2	98	0	0	0	0	0	0	0	1	NA	14	1507.2	28.29127	0.06553932	0.009899212	0.03190296	0.1725192
2010	172	4	24	58	59	69	1	11	40	0	0	39	1	0	0	0	NA	14	1530.75	28.29127	0.06553932	0.009899212	0.03190296	0.1725192
2010	172	4	24	58	59	69	1	30	24	0	0	23	1	0	0	0	NA	14	1507.2	28.29127	0.06553932	0.009899212	0.03190296	0.1725192
2010	172	4	24	58	59	69	1	73	8	6	0	2	0	0	2	0	NA	14	1850.5066666667	28.29127	0.06553932	0.009899212	0.03190296	0.1725192
2010	172	4	24	58	59	69	2	68	34	0	2	32	0	0	1	2	NA	14	1632.8	28.29127	0.06553932	0.009899212	0.03190296	0.1725192
2010	172	4	24	58	59	69	1	99	38	13	7	18	0	0	3	1	NA	14	1413	28.29127	0.06553932	0.009899212	0.03190296	0.1725192
2010	172	4	24	58	59	69	2	80	21	0	0	20	1	0	0	0	NA	14	1381.6	28.29127	0.06553932	0.009899212	0.03190296	0.1725192
2010	172	4	24	58	59	69	2	90	28	3	19	6	0	0	2	1	NA	14	1632.8	28.29127	0.06553932	0.009899212	0.03190296	0.1725192
2010	172	4	24	58	59	69	1	39	24	0	2	22	0	0	0	1	NA	14	NA	28.29127	0.06553932	0.009899212	0.03190296	0.1725192
2010	172	4	24	58	59	69	1	45	10	0	0	10	0	0	0	0	NA	14	1318.8	28.29127	0.06553932	0.009899212	0.03190296	0.1725192
2010	172	4	24	58	59	69	2	27	0	0	0	0	0	0	0	0	NA	14	1530.75	28.29127	0.06553932	0.009899212	0.03190296	0.1725192
2010	96	34	26	94	116	132	0	0	72	0	5	49	11	7	0	0	NA	7	NA	24.03062	0.07327677	0.009482443	0.03326994	0.1817658
2010	96	34	26	94	116	132	1	21	76	4	2	30	37	3	0	0	NA	7	4352.04	24.03062	0.07327677	0.009482443	0.03326994	0.1817658
2010	96	34	26	94	116	132	1	0	6	2	1	0	3	0	0	0	NA	7	4593.82	24.03062	0.07327677	0.009482443	0.03326994	0.1817658
2010	96	34	26	94	116	132	0	0	36	4	7	23	2	0	1	0	NA	7	4593.82	24.03062	0.07327677	0.009482443	0.03326994	0.1817658
2010	96	34	26	94	116	132	2	1	74	6	18	38	11	1	0	0	NA	7	5488.72	24.03062	0.07327677	0.009482443	0.03326994	0.1817658
2010	96	34	26	94	116	132	1	48	58	12	0	36	9	1	0	1	NA	7	3684.2666666667	24.03062	0.07327677	0.009482443	0.03326994	0.1817658
2010	96	34	26	94	116	132	1	0	80	0	18	57	5	0	0	0	NA	7	3692.64	24.03062	0.07327677	0.009482443	0.03326994	0.1817658
2010	96	34	26	94	116	132	2	0	57	0	9	27	21	0	0	0	NA	7	6280	24.03062	0.07327677	0.009482443	0.03326994	0.1817658
2010	96	34	26	94	116	132	1	0	44	7	6	29	1	1	0	0	NA	7	3851.7333333333	24.03062	0.07327677	0.009482443	0.03326994	0.1817658
2010	96	34	26	94	116	132	1	0	48	2	15	17	12	2	0	0	NA	7	6330.24	24.03062	0.07327677	0.009482443	0.03326994	0.1817658
2010	96	34	26	94	116	132	1	0	115	0	23	50	38	4	0	0	NA	7	6631.68	24.03062	0.07327677	0.009482443	0.03326994	0.1817658
2010	96	34	26	94	116	132	1	11	54	0	0	52	1	1	1	0	NA	7	3692.64	24.03062	0.07327677	0.009482443	0.03326994	0.1817658
2010	96	34	26	94	116	132	1	0	76	0	0	49	26	1	0	0	NA	7	5526.4	24.03062	0.07327677	0.009482443	0.03326994	0.1817658
2010	96	34	26	94	116	132	1	2	18	1	2	4	11	0	0	0	NA	7	6644.24	24.03062	0.07327677	0.009482443	0.03326994	0.1817658
2010	96	34	26	94	116	132	0	0	33	0	9	22	2	0	0	0	NA	7	3140	24.03062	0.07327677	0.009482443	0.03326994	0.1817658
2010	96	34	26	94	116	132	1	2	52	3	0	47	2	0	0	0	NA	7	3022.7733333333	24.03062	0.07327677	0.009482443	0.03326994	0.1817658
2010	96	34	26	94	116	132	1	0	73	3	15	30	25	0	0	0	NA	7	4305.9866666667	24.03062	0.07327677	0.009482443	0.03326994	0.1817658
2010	96	34	26	94	116	132	1	0	61	2	9	42	8	0	0	0	NA	7	4144.8	24.03062	0.07327677	0.009482443	0.03326994	0.1817658
2010	96	34	26	94	116	132	2	0	40	3	0	37	0	0	0	0	NA	7	3736.6	24.03062	0.07327677	0.009482443	0.03326994	0.1817658
2010	96	34	26	94	116	132	1	4	34	10	3	21	0	0	0	0	NA	7	3500.0533333333	24.03062	0.07327677	0.009482443	0.03326994	0.1817658
2010	96	34	26	94	116	132	0	0	40	4	7	24	5	0	0	0	NA	7	2419.8933333333	24.03062	0.07327677	0.009482443	0.03326994	0.1817658
2010	96	34	26	94	116	132	1	11	17	4	0	8	4	1	0	0	NA	7	2684.7	24.03062	0.07327677	0.009482443	0.03326994	0.1817658
2010	96	34	26	94	116	132	1	0	40	3	0	35	2	0	0	0	NA	7	2326.74	24.03062	0.07327677	0.009482443	0.03326994	0.1817658
2010	96	34	26	94	116	132	1	0	40	0	10	23	7	0	2	1	NA	7	4396	24.03062	0.07327677	0.009482443	0.03326994	0.1817658
2010	96	34	26	94	116	132	1	0	69	3	10	33	23	0	0	0	NA	7	4973.76	24.03062	0.07327677	0.009482443	0.03326994	0.1817658
2010	96	34	26	94	116	132	1	0	32	2	3	25	2	0	4	0	NA	7	3181.8666666667	24.03062	0.07327677	0.009482443	0.03326994	0.1817658
2010	96	34	26	94	116	132	1	4	85	10	14	39	22	0	0	0	NA	7	5488.72	24.03062	0.07327677	0.009482443	0.03326994	0.1817658
2010	96	34	26	94	116	132	0	0	33	0	11	21	0	1	5	2	NA	7	2684.7	24.03062	0.07327677	0.009482443	0.03326994	0.1817658
2010	96	34	26	94	116	132	0	0	51	5	8	37	1	0	0	0	NA	7	3042.66	24.03062	0.07327677	0.009482443	0.03326994	0.1817658
2010	96	34	26	94	116	132	2	0	43	0	8	32	3	0	0	0	NA	7	3758.58	24.03062	0.07327677	0.009482443	0.03326994	0.1817658
2010	96	34	26	94	116	132	1	1	88	5	3	61	19	0	0	0	NA	7	6214.5833333333	24.03062	0.07327677	0.009482443	0.03326994	0.1817658
2010	96	34	26	94	116	132	2	22	30	0	0	18	12	0	0	0	NA	7	3868.48	24.03062	0.07327677	0.009482443	0.03326994	0.1817658
2010	96	34	26	94	116	132	1	0	48	11	2	31	4	0	4	0	NA	7	4429.4933333333	24.03062	0.07327677	0.009482443	0.03326994	0.1817658
2010	96	34	26	94	116	132	0	0	13	0	0	3	10	0	1	9	NA	7	3768	24.03062	0.07327677	0.009482443	0.03326994	0.1817658
2010	96	34	26	94	116	132	1	1	41	4	3	22	11	1	0	0	NA	7	3692.64	24.03062	0.07327677	0.009482443	0.03326994	0.1817658
2010	96	34	26	94	116	132	2	40	42	1	8	26	1	6	0	0	NA	7	3914.5333333333	24.03062	0.07327677	0.009482443	0.03326994	0.1817658
2010	96	34	26	94	116	132	1	0	28	0	3	10	15	0	0	0	NA	7	2505.72	24.03062	0.07327677	0.009482443	0.03326994	0.1817658
2010	96	34	26	94	116	132	2	23	16	0	3	11	2	0	0	0	NA	7	3231.06	24.03062	0.07327677	0.009482443	0.03326994	0.1817658
2010	96	34	26	94	116	132	0	0	0	0	0	0	0	0	2	3	NA	7	4152.65	24.03062	0.07327677	0.009482443	0.03326994	0.1817658
2010	96	34	26	94	116	132	0	0	36	2	3	29	2	0	1	0	NA	7	4110.26	24.03062	0.07327677	0.009482443	0.03326994	0.1817658
2010	70	38	0	0	11	29	1	7	40	2	16	21	1	0	4	1	248	6	2260.8	23.73647	1.223882	0.7719045	0.9706107	2.534226
2010	70	38	0	0	11	29	1	3	25	0	0	25	0	0	5	4	223	6	2402.1	23.73647	1.223882	0.7719045	0.9706107	2.534226
2010	70	38	0	0	11	29	2	9	7	1	0	5	1	0	4	5	263	6	2119.5	23.73647	1.223882	0.7719045	0.9706107	2.534226
2010	70	38	0	0	11	29	2	13	51	0	0	51	0	0	0	0	397	6	2110.08	23.73647	1.223882	0.7719045	0.9706107	2.534226
2010	70	38	0	0	11	29	3	8	31	2	14	14	0	1	0	2	282	6	2535.55	23.73647	1.223882	0.7719045	0.9706107	2.534226
2010	70	38	0	0	11	29	2	16	14	4	10	0	0	0	0	2	224	6	2402.1	23.73647	1.223882	0.7719045	0.9706107	2.534226
2010	70	38	0	0	11	29	1	7	24	0	8	16	0	0	1	2	193	6	2135.2	23.73647	1.223882	0.7719045	0.9706107	2.534226
2010	70	38	0	0	11	29	3	13	14	0	2	12	0	0	1	1	353	6	2863.68	23.73647	1.223882	0.7719045	0.9706107	2.534226
2010	70	38	0	0	11	29	3	3	33	0	3	30	0	0	1	0	260	6	2009.6	23.73647	1.223882	0.7719045	0.9706107	2.534226
2010	70	38	0	0	11	29	2	1	23	0	3	20	0	0	1	0	155	6	898.04	23.73647	1.223882	0.7719045	0.9706107	2.534226
2010	70	38	0	0	11	29	1	5	27	0	9	17	1	0	0	0	232	6	1743.7466666667	23.73647	1.223882	0.7719045	0.9706107	2.534226
2010	70	38	0	0	11	29	2	18	0	0	0	0	0	0	1	1	350	6	1641.1733333333	23.73647	1.223882	0.7719045	0.9706107	2.534226
2010	70	38	0	0	11	29	2	15	10	0	0	10	0	0	0	0	344	6	2366.5133333333	23.73647	1.223882	0.7719045	0.9706107	2.534226
2010	70	38	0	0	11	29	3	9	14	14	0	0	0	0	2	0	NA	6	1992.8533333333	23.73647	1.223882	0.7719045	0.9706107	2.534226
2013	158	29	21	96	101	101	2	17	16	2	5	8	0	1	0	0	NA	NA	1318.8	29.26468	0.08823646	0.03192997	0.0446883	0.1669469
2013	158	41	49	86	101	101	1	68	50	0	13	37	0	0	0	0	NA	NA	923.16	29.26395723	0.02126539	0.003480804	0.007709585	0.07481671
2013	158	29	21	96	101	101	1	20	72	7	15	49	0	1	0	0	NA	NA	2562.24	29.26468	0.08823646	0.03192997	0.0446883	0.1669469
2013	158	29	21	96	101	101	1	6	40	3	6	24	7	0	0	0	NA	NA	1875.63	29.26468	0.08823646	0.03192997	0.0446883	0.1669469
2013	158	29	21	96	101	101	1	51	11	4	4	3	0	0	0	0	NA	NA	1511.39	29.26468	0.08823646	0.03192997	0.0446883	0.1669469
2013	158	29	21	96	101	101	0	0	42	0	0	41	1	0	0	0	NA	NA	666.73	29.26468	0.08823646	0.03192997	0.0446883	0.1669469
2013	158	29	21	96	101	101	0	0	39	4	4	27	4	0	0	0	NA	NA	1295.25	29.26468	0.08823646	0.03192997	0.0446883	0.1669469
2013	158	29	21	96	101	101	0	2	23	2	11	9	1	0	0	0	NA	NA	923.16	29.26468	0.08823646	0.03192997	0.0446883	0.1669469
2013	158	29	21	96	101	101	1	1	44	2	8	34	0	0	0	0	NA	NA	1059.75	29.26468	0.08823646	0.03192997	0.0446883	0.1669469
2013	158	29	21	96	101	101	1	0	24	10	13	1	0	0	0	0	NA	NA	2117.41	29.26468	0.08823646	0.03192997	0.0446883	0.1669469
2013	158	29	21	96	101	101	1	0	42	3	5	34	0	0	0	0	NA	NA	1473.71	29.26468	0.08823646	0.03192997	0.0446883	0.1669469
2013	158	29	21	96	101	101	1	0	55	3	14	34	4	0	0	0	NA	NA	923.16	29.26468	0.08823646	0.03192997	0.0446883	0.1669469
2013	158	29	21	96	101	101	0	0	41	0	1	40	0	0	0	0	NA	NA	791.28	29.26468	0.08823646	0.03192997	0.0446883	0.1669469
2013	158	29	21	96	101	101	0	0	42	0	12	29	1	0	0	0	NA	NA	1177.5	29.26468	0.08823646	0.03192997	0.0446883	0.1669469
2013	158	29	21	96	101	101	1	24	70	0	38	31	0	1	0	0	NA	NA	785	29.26468	0.08823646	0.03192997	0.0446883	0.1669469
2013	158	29	21	96	101	101	1	14	20	0	9	11	0	0	0	0	NA	NA	1884	29.26468	0.08823646	0.03192997	0.0446883	0.1669469
2013	158	29	21	96	101	101	1	8	36	15	21	0	0	0	0	0	NA	NA	1507.2	29.26468	0.08823646	0.03192997	0.0446883	0.1669469
2013	158	29	21	96	101	101	1	6	77	11	27	39	0	0	0	0	NA	NA	1356.48	29.26468	0.08823646	0.03192997	0.0446883	0.1669469
2013	158	29	21	96	101	101	1	0	74	0	13	61	0	0	0	0	NA	NA	2543.4	29.26468	0.08823646	0.03192997	0.0446883	0.1669469
2013	158	29	21	96	101	101	0	0	54	0	7	43	4	0	0	0	NA	NA	1875.63	29.26468	0.08823646	0.03192997	0.0446883	0.1669469
2013	158	29	21	96	101	101	0	0	65	2	11	39	7	6	0	0	NA	NA	117.23	29.26468	0.08823646	0.03192997	0.0446883	0.1669469
2013	158	29	21	96	101	101	1	61	47	5	19	20	0	3	0	0	NA	NA	2277.55	29.26468	0.08823646	0.03192997	0.0446883	0.1669469
2013	158	29	21	96	101	101	1	0	42	5	6	29	2	0	0	0	NA	NA	2535.55	29.26468	0.08823646	0.03192997	0.0446883	0.1669469
2013	158	29	21	96	101	101	1	0	67	0	21	46	0	0	0	0	NA	NA	1875.63	29.26468	0.08823646	0.03192997	0.0446883	0.1669469
2013	158	29	21	96	101	101	1	4	39	0	16	23	0	0	2	0	NA	NA	1708.16	29.26468	0.08823646	0.03192997	0.0446883	0.1669469
2013	158	29	21	96	101	101	0	0	27	0	1	26	0	0	0	0	NA	NA	1601.4	29.26468	0.08823646	0.03192997	0.0446883	0.1669469
2013	158	29	21	96	101	101	1	15	30	7	12	10	0	1	0	0	NA	NA	1507.2	29.26468	0.08823646	0.03192997	0.0446883	0.1669469
2013	158	41	49	86	101	101	2	32	30	0	1	26	3	0	0	0	NA	NA	2722.38	29.26395723	0.02126539	0.003480804	0.007709585	0.07481671
2013	158	41	49	86	101	101	2	103	57	0	33	22	2	0	0	0	NA	NA	2545.49	29.26395723	0.02126539	0.003480804	0.007709585	0.07481671
2013	158	41	49	86	101	101	0	0	59	0	0	30	29	0	0	0	NA	NA	2722.38	29.26395723	0.02126539	0.003480804	0.007709585	0.07481671
2013	158	41	49	86	101	101	1	15	0	0	0	0	0	0	0	0	NA	NA	2277.55	29.26395723	0.02126539	0.003480804	0.007709585	0.07481671
2013	158	41	49	86	101	101	0	0	25	0	0	25	0	0	0	1	NA	NA	2277.55	29.26395723	0.02126539	0.003480804	0.007709585	0.07481671
2013	158	41	49	86	101	101	1	35	26	15	10	1	0	0	0	0	NA	NA	952.47	29.26395723	0.02126539	0.003480804	0.007709585	0.07481671
2013	158	41	49	86	101	101	0	0	45	0	2	43	0	0	0	0	NA	NA	1766.25	29.26395723	0.02126539	0.003480804	0.007709585	0.07481671
2013	158	41	49	86	101	101	1	38	7	1	3	2	1	0	0	0	NA	NA	2119.5	29.26395723	0.02126539	0.003480804	0.007709585	0.07481671
2013	158	41	49	86	101	101	1	0	0	0	0	0	0	0	0	0	NA	NA	2419.89	29.26395723	0.02126539	0.003480804	0.007709585	0.07481671
2013	158	41	49	86	101	101	1	12	30	0	0	29	1	0	0	0	NA	NA	1766.25	29.26395723	0.02126539	0.003480804	0.007709585	0.07481671
2013	158	41	49	86	101	101	1	58	30	0	0	30	0	0	0	0	NA	NA	2277.55	29.26395723	0.02126539	0.003480804	0.007709585	0.07481671
2013	158	41	49	86	101	101	1	30	30	11	14	5	0	0	0	0	NA	NA	1884	29.26395723	0.02126539	0.003480804	0.007709585	0.07481671
2013	158	29	21	96	101	101	1	38	56	0	35	21	0	0	0	0	NA	NA	1177.5	29.26468	0.08823646	0.03192997	0.0446883	0.1669469
2013	158	29	21	96	101	101	1	18	29	3	12	14	0	0	0	0	NA	NA	1177.5	29.26468	0.08823646	0.03192997	0.0446883	0.1669469
2013	158	29	21	96	101	101	1	2	25	0	16	9	0	0	0	0	NA	NA	1256	29.26468	0.08823646	0.03192997	0.0446883	0.1669469
2013	158	29	21	96	101	101	2	1	40	7	27	6	0	0	0	0	NA	NA	2110.08	29.26468	0.08823646	0.03192997	0.0446883	0.1669469
2013	158	29	21	96	101	101	2	0	10	0	3	7	0	0	0	0	NA	NA	1868.3	29.26468	0.08823646	0.03192997	0.0446883	0.1669469
2013	158	29	21	96	101	101	1	0	64	1	0	55	8	0	0	0	NA	NA	2260.8	29.26468	0.08823646	0.03192997	0.0446883	0.1669469
2013	158	29	21	96	101	101	2	33	50	4	11	29	2	4	4	0	NA	NA	1318.8	29.26468	0.08823646	0.03192997	0.0446883	0.1669469
2013	158	29	21	96	101	101	1	9	4	0	1	2	1	0	0	0	NA	NA	1289.49	29.26468	0.08823646	0.03192997	0.0446883	0.1669469
2013	158	29	21	96	101	101	1	0	59	0	22	37	0	0	0	0	NA	NA	1061.32	29.26468	0.08823646	0.03192997	0.0446883	0.1669469
2013	158	29	21	96	101	101	1	26	36	3	14	19	0	0	1	0	NA	NA	1130.4	29.26468	0.08823646	0.03192997	0.0446883	0.1669469
2013	158	29	21	96	101	101	1	0	16	0	0	16	0	0	0	0	NA	NA	1289.49	29.26468	0.08823646	0.03192997	0.0446883	0.1669469
2013	158	29	21	96	101	101	1	50	28	6	16	6	0	0	0	0	NA	NA	1289.49	29.26468	0.08823646	0.03192997	0.0446883	0.1669469
2013	158	29	21	96	101	101	1	28	20	1	3	16	0	0	0	0	NA	NA	2117.41	29.26468	0.08823646	0.03192997	0.0446883	0.1669469
2013	158	29	21	96	101	101	1	49	1	0	0	1	0	0	0	0	NA	NA	1538.6	29.26468	0.08823646	0.03192997	0.0446883	0.1669469
2013	158	29	21	96	101	101	1	9	50	4	6	40	0	0	0	0	NA	NA	1406.72	29.26468	0.08823646	0.03192997	0.0446883	0.1669469
2013	158	29	21	96	101	101	2	11	46	8	23	11	3	1	0	0	NA	NA	1648.5	29.26468	0.08823646	0.03192997	0.0446883	0.1669469
2013	158	29	21	96	101	101	1	27	9	1	3	3	0	2	0	0	NA	NA	1565.81	29.26468	0.08823646	0.03192997	0.0446883	0.1669469
2013	158	29	21	96	101	101	1	0	33	0	1	20	12	0	0	0	NA	NA	1507.2	29.26468	0.08823646	0.03192997	0.0446883	0.1669469
2013	158	29	21	96	101	101	2	3	10	5	3	2	0	0	0	0	NA	NA	1607.68	29.26468	0.08823646	0.03192997	0.0446883	0.1669469
2013	158	29	21	96	101	101	1	19	23	3	6	14	0	0	0	0	NA	NA	2241.96	29.26468	0.08823646	0.03192997	0.0446883	0.1669469
2013	158	29	21	96	101	101	1	9	20	2	0	17	0	1	0	0	NA	NA	1523.95	29.26468	0.08823646	0.03192997	0.0446883	0.1669469
2013	158	29	21	96	101	101	1	1	42	2	8	32	0	0	0	0	NA	NA	1507.2	29.26468	0.08823646	0.03192997	0.0446883	0.1669469
2013	158	29	21	96	101	101	2	0	49	4	16	29	0	0	0	0	NA	NA	1318.8	29.26468	0.08823646	0.03192997	0.0446883	0.1669469
2013	158	29	21	96	101	101	1	0	12	0	1	7	4	0	0	0	NA	NA	1978.2	29.26468	0.08823646	0.03192997	0.0446883	0.1669469
2013	158	41	49	86	101	101	1	20	12	0	0	12	0	0	0	0	NA	NA	923.16	29.26395723	0.02126539	0.003480804	0.007709585	0.07481671
2013	158	41	49	86	101	101	1	3	26	3	5	17	1	0	0	0	NA	NA	2135.2	29.26395723	0.02126539	0.003480804	0.007709585	0.07481671
2013	158	41	49	86	101	101	1	0	43	2	0	30	10	1	0	0	NA	NA	1875.63	29.26395723	0.02126539	0.003480804	0.007709585	0.07481671
2013	158	41	49	86	101	101	1	0	94	0	0	94	0	0	0	0	NA	NA	2009.6	29.26395723	0.02126539	0.003480804	0.007709585	0.07481671
2013	158	41	49	86	101	101	2	117	34	2	11	21	0	0	0	0	NA	NA	2419.89	29.26395723	0.02126539	0.003480804	0.007709585	0.07481671
2013	158	41	49	86	101	101	3	33	1	0	0	1	0	0	0	0	NA	NA	2009.6	29.26395723	0.02126539	0.003480804	0.007709585	0.07481671
2013	158	41	49	86	101	101	1	0	60	0	3	51	6	0	0	0	NA	NA	2562.24	29.26395723	0.02126539	0.003480804	0.007709585	0.07481671
2013	158	41	49	86	101	101	2	3	4	0	2	2	0	0	0	0	NA	NA	1538.6	29.26395723	0.02126539	0.003480804	0.007709585	0.07481671
2013	158	41	49	86	101	101	1	5	0	0	0	0	0	0	0	0	NA	NA	2110.08	29.26395723	0.02126539	0.003480804	0.007709585	0.07481671
2013	158	25	37	96	101	101	1	1	9	1	3	5	0	0	0	0	NA	NA	972.88	29.26363	0.04002479	0.009429269	0.02055234	0.1144418
2013	158	25	37	96	101	101	1	0	12	1	11	0	0	0	0	0	NA	NA	575.67	29.26363	0.04002479	0.009429269	0.02055234	0.1144418
2013	172	12	26	58	66	69	1	0	45	0	8	37	0	0	0	0	NA	NA	1061.32	28.29040001	0.07252922	0.02153833	0.03889285	0.1409206
2013	172	12	26	58	66	69	1	0	36	0	6	30	0	0	0	0	NA	NA	1333.45	28.29040001	0.07252922	0.02153833	0.03889285	0.1409206
2013	172	12	26	58	66	69	2	0	57	0	5	52	0	0	0	0	NA	NA	1130.4	28.29040001	0.07252922	0.02153833	0.03889285	0.1409206
2013	172	12	26	58	66	69	3	1	92	0	8	84	0	0	0	0	NA	NA	2562.24	28.29040001	0.07252922	0.02153833	0.03889285	0.1409206
2013	172	12	26	58	66	69	1	0	41	0	0	41	0	0	0	0	NA	NA	1538.6	28.29040001	0.07252922	0.02153833	0.03889285	0.1409206
2013	172	7	25	58	59	69	1	63	23	4	18	1	0	0	0	0	NA	NA	1099	28.29089999	0.07216421	0.01250193	0.03431674	0.1969099
2013	172	7	25	58	59	69	2	0	35	0	0	35	0	0	0	0	NA	NA	2135.2	28.29089999	0.07216421	0.01250193	0.03431674	0.1969099
2013	172	31	27	58	66	69	1	91	19	0	4	13	0	2	0	0	NA	NA	381.51	28.29089899	0.07247463	0.01564841	0.04397299	0.148703
2013	172	31	27	58	66	69	2	0	53	4	10	39	0	0	0	0	NA	NA	471	28.29089899	0.07247463	0.01564841	0.04397299	0.148703
2013	172	31	27	58	66	69	2	0	47	0	12	31	1	3	0	0	NA	NA	523.33	28.29089899	0.07247463	0.01564841	0.04397299	0.148703
2013	172	31	27	58	66	69	1	0	47	10	7	30	0	0	0	0	NA	NA	466.29	28.29089899	0.07247463	0.01564841	0.04397299	0.148703
2013	172	31	27	58	66	69	2	0	30	0	3	27	0	0	0	0	NA	NA	518.1	28.29089899	0.07247463	0.01564841	0.04397299	0.148703
2013	172	50	27	58	66	69	1	1	35	0	19	16	0	0	0	0	NA	NA	3042.66	28.28972996	0.0716285	0.02850164	0.0374744	0.1411176
2013	172	50	27	58	66	69	1	41	66	12	38	16	0	0	2	0	NA	NA	898.04	28.28972996	0.0716285	0.02850164	0.0374744	0.1411176
2013	172	50	27	58	66	69	1	93	45	3	11	28	2	1	0	0	NA	NA	1318.8	28.28972996	0.0716285	0.02850164	0.0374744	0.1411176
2013	172	50	27	58	66	69	2	24	50	1	36	13	0	0	0	0	NA	NA	1130.4	28.28972996	0.0716285	0.02850164	0.0374744	0.1411176
2013	172	83	27	58	66	69	1	21	5	0	0	5	0	0	0	0	NA	NA	423.9	28.28954003	0.07736653	0.01564841	0.03224605	0.1449341
2013	172	83	27	58	66	69	1	0	49	0	8	36	5	0	0	0	NA	NA	230.79	28.28954003	0.07736653	0.01564841	0.03224605	0.1449341
2013	172	83	27	58	66	69	0	0	15	0	0	15	0	0	0	0	NA	NA	175.84	28.28954003	0.07736653	0.01564841	0.03224605	0.1449341
2013	172	83	27	58	66	69	0	72	0	0	0	0	0	0	0	0	NA	NA	368.43	28.28954003	0.07736653	0.01564841	0.03224605	0.1449341
2013	172	83	27	58	66	69	1	0	17	0	0	17	0	0	0	0	NA	NA	466.29	28.28954003	0.07736653	0.01564841	0.03224605	0.1449341
2013	172	82	25	58	66	69	2	1	56	0	7	49	0	0	0	0	NA	NA	334.93	28.28932101	0.06942813	0.0170581	0.04737912	0.1517024
2013	172	82	25	58	66	69	0	0	81	0	5	75	1	0	0	0	NA	NA	368.43	28.28932101	0.06942813	0.0170581	0.04737912	0.1517024
2013	172	82	25	58	66	69	1	0	56	0	0	56	0	0	0	0	NA	NA	508.68	28.28932101	0.06942813	0.0170581	0.04737912	0.1517024
2013	172	82	25	58	66	69	1	2	53	0	0	53	0	0	0	0	NA	NA	423.9	28.28932101	0.06942813	0.0170581	0.04737912	0.1517024
2013	172	82	25	58	66	69	2	8	13	0	0	13	0	0	0	0	NA	NA	401.92	28.28932101	0.06942813	0.0170581	0.04737912	0.1517024
2013	172	31	27	58	66	69	2	53	45	27	17	1	0	0	0	0	NA	NA	690.8	28.29089899	0.07247463	0.01564841	0.04397299	0.148703
2013	172	31	27	58	66	69	1	23	40	7	19	14	0	0	0	0	NA	NA	423.9	28.29089899	0.07247463	0.01564841	0.04397299	0.148703
2013	172	31	27	58	66	69	2	45	50	5	13	29	1	2	0	0	NA	NA	523.33	28.29089899	0.07247463	0.01564841	0.04397299	0.148703
2013	172	31	27	58	66	69	1	0	32	3	20	9	0	0	0	0	NA	NA	460.53	28.29089899	0.07247463	0.01564841	0.04397299	0.148703
2013	172	50	27	58	66	69	1	0	76	0	16	60	0	0	0	0	NA	NA	898.04	28.28972996	0.0716285	0.02850164	0.0374744	0.1411176
2013	172	57	23	58	59	69	1	18	22	5	10	7	0	0	0	0	NA	NA	1208.9	28.29045097	0.07234127	0.01218416	0.04270798	0.209094
2013	172	57	23	58	59	69	2	0	60	7	13	30	10	0	0	0	NA	NA	967.12	28.29045097	0.07234127	0.01218416	0.04270798	0.209094
2013	172	12	26	58	66	69	1	0	42	0	1	41	0	0	2	1	NA	NA	2135.2	28.29040001	0.07252922	0.02153833	0.03889285	0.1409206
2013	172	12	26	58	66	69	1	0	77	2	21	44	2	8	0	0	NA	NA	301.44	28.29040001	0.07252922	0.02153833	0.03889285	0.1409206
2013	112	25	0	2	2	3	1	4	23	12	0	9	0	2	0	0	NA	NA	523.33	27.53989102	3.806388	2.185196	3.546477	4.196422
2013	112	25	0	2	2	3	1	47	16	0	1	9	6	0	0	0	NA	NA	1224.6	27.53989102	3.806388	2.185196	3.546477	4.196422
2013	112	25	0	2	2	3	1	1	35	0	0	31	2	2	0	0	NA	NA	1318.8	27.53989102	3.806388	2.185196	3.546477	4.196422
2013	112	25	0	2	2	3	1	50	108	16	29	58	0	5	0	0	NA	NA	1318.8	27.53989102	3.806388	2.185196	3.546477	4.196422
2013	112	25	0	2	2	3	1	4	28	0	2	23	3	0	0	0	NA	NA	753.6	27.53989102	3.806388	2.185196	3.546477	4.196422
2013	112	25	0	2	2	3	2	8	20	0	0	11	0	9	0	0	NA	NA	673.53	27.53989102	3.806388	2.185196	3.546477	4.196422
2013	112	25	0	2	2	3	1	51	23	1	2	20	0	0	0	0	NA	NA	1758.4	27.53989102	3.806388	2.185196	3.546477	4.196422
2013	112	25	0	2	2	3	2	11	27	7	5	13	1	1	0	0	NA	NA	967.12	27.53989102	3.806388	2.185196	3.546477	4.196422
2013	112	25	0	2	2	3	1	21	32	2	8	18	0	4	0	0	NA	NA	1868.3	27.53989102	3.806388	2.185196	3.546477	4.196422
2013	112	25	0	2	2	3	1	10	60	0	0	52	0	8	0	0	NA	NA	904.32	27.53989102	3.806388	2.185196	3.546477	4.196422
2013	112	25	0	2	2	3	1	0	21	0	0	20	1	0	0	0	NA	NA	1230.88	27.53989102	3.806388	2.185196	3.546477	4.196422
2013	112	25	0	2	2	3	0	11	26	0	0	23	0	3	0	0	NA	NA	898.04	27.53989102	3.806388	2.185196	3.546477	4.196422
2013	112	25	0	2	2	3	1	62	42	0	2	38	1	1	0	0	NA	NA	2571.14	27.53989102	3.806388	2.185196	3.546477	4.196422
2013	112	25	0	2	2	3	1	38	30	0	0	29	0	1	0	0	NA	NA	967.12	27.53989102	3.806388	2.185196	3.546477	4.196422
2013	112	25	0	2	2	3	0	2	10	0	0	10	0	0	0	0	NA	NA	1473.71	27.53989102	3.806388	2.185196	3.546477	4.196422
2013	112	25	0	2	2	3	1	1	21	0	1	18	0	2	0	0	NA	NA	518.1	27.53989102	3.806388	2.185196	3.546477	4.196422
2013	112	19NW	14	41	48	50	1	0	48	1	2	36	6	3	0	0	NA	NA	753.6	27.57374	0.2013588	0.02656261	0.05311079	0.4134626
2013	112	19NW	14	41	48	50	2	0	58	0	0	41	0	17	0	0	NA	NA	898.04	27.57374	0.2013588	0.02656261	0.05311079	0.4134626
2013	112	19NW	14	41	48	50	1	13	22	0	3	10	8	1	0	0	NA	NA	1142.96	27.57374	0.2013588	0.02656261	0.05311079	0.4134626
2013	112	25	0	2	2	3	2	14	35	0	4	27	0	4	0	0	NA	NA	2419.89	27.53989102	3.806388	2.185196	3.546477	4.196422
2013	112	25	0	2	2	3	1	0	22	0	2	17	0	3	0	0	NA	NA	2712.96	27.53989102	3.806388	2.185196	3.546477	4.196422
2013	112	25	0	2	2	3	1	3	23	5	0	16	1	1	0	0	NA	NA	3977.33	27.53989102	3.806388	2.185196	3.546477	4.196422
2013	112	02SW	5	18	46	48	2	58	25	4	10	11	0	0	0	0	NA	NA	2411.52	27.58006004	0.5075721	0.008485423	0.1888722	0.7914379
2013	112	40	6	33	48	49	1	52	85	3	0	65	1	16	0	0	NA	NA	3131.63	27.58025902	0.3216784	0.00854779	0.1500072	0.6055442
2013	112	40	6	33	48	49	1	2	82	0	0	76	5	1	8	2	NA	NA	3042.66	27.58025902	0.3216784	0.00854779	0.1500072	0.6055442
2013	112	40	6	33	48	49	1	82	33	14	0	19	0	0	3	1	NA	NA	2411.52	27.58025902	0.3216784	0.00854779	0.1500072	0.6055442
2013	112	40	6	33	48	49	3	27	73	0	25	48	0	0	3	0	NA	NA	2034.72	27.58025902	0.3216784	0.00854779	0.1500072	0.6055442
2013	112	40	6	33	48	49	1	33	50	15	0	35	0	0	0	0	NA	NA	2882.52	27.58025902	0.3216784	0.00854779	0.1500072	0.6055442
2013	112	40	6	33	48	49	1	0	104	0	0	104	0	0	3	3	NA	NA	3380.73	27.58025902	0.3216784	0.00854779	0.1500072	0.6055442
2013	112	40	6	33	48	49	1	62	20	14	0	4	0	2	0	1	NA	NA	3165.12	27.58025902	0.3216784	0.00854779	0.1500072	0.6055442
2013	112	40	6	33	48	49	1	3	51	0	1	50	0	0	3	0	NA	NA	1992.85	27.58025902	0.3216784	0.00854779	0.1500072	0.6055442
2013	112	40	6	33	48	49	2	71	50	0	2	38	2	8	0	0	NA	NA	3914.53	27.58025902	0.3216784	0.00854779	0.1500072	0.6055442
2013	112	02W	5	18	46	48	2	5	26	1	0	20	4	1	0	0	NA	NA	3022.77	27.58006004	0.503382	0.007066118	0.184682	0.7872477
2013	112	02W	5	18	46	48	3	33	42	0	0	6	31	5	1	0	NA	NA	3042.66	27.58006004	0.503382	0.007066118	0.184682	0.7872477
2013	112	02W	5	18	46	48	1	0	44	0	7	36	0	1	0	0	NA	NA	3558.67	27.58006004	0.503382	0.007066118	0.184682	0.7872477
2013	112	02W	5	18	46	48	1	29	30	17	13	0	0	0	0	0	NA	NA	2863.68	27.58006004	0.503382	0.007066118	0.184682	0.7872477
2013	112	02W	5	18	46	48	1	0	21	0	0	16	4	1	0	0	NA	NA	3181.87	27.58006004	0.503382	0.007066118	0.184682	0.7872477
2013	112	02W	5	18	46	48	1	0	91	80	0	0	4	7	0	0	NA	NA	1758.4	27.58006004	0.503382	0.007066118	0.184682	0.7872477
2013	112	02W	5	18	46	48	1	3	14	0	5	7	0	2	0	0	NA	NA	2135.2	27.58006004	0.503382	0.007066118	0.184682	0.7872477
2013	112	02W	5	18	46	48	2	1	13	0	0	10	0	3	0	0	NA	NA	1875.63	27.58006004	0.503382	0.007066118	0.184682	0.7872477
2013	112	02W	5	18	46	48	1	1	3	0	0	3	0	0	13	0	NA	NA	1734.85	27.58006004	0.503382	0.007066118	0.184682	0.7872477
2013	112	25	0	2	2	3	1	7	23	0	1	21	1	0	0	0	NA	NA	2562.24	27.53989102	3.806388	2.185196	3.546477	4.196422
2013	112	25	0	2	2	3	1	0	11	0	1	2	8	0	0	0	NA	NA	3579.6	27.53989102	3.806388	2.185196	3.546477	4.196422
2013	112	25	0	2	2	3	1	8	5	0	0	5	0	0	0	0	NA	NA	2135.2	27.53989102	3.806388	2.185196	3.546477	4.196422
2013	112	02W	5	18	46	48	1	0	39	0	3	23	11	2	0	0	NA	NA	1142.96	27.58006004	0.503382	0.007066118	0.184682	0.7872477
2013	112	02W	5	18	46	48	1	47	72	4	3	52	7	6	0	0	NA	NA	2571.14	27.58006004	0.503382	0.007066118	0.184682	0.7872477
2013	112	25	0	2	2	3	1	0	47	0	0	40	3	4	0	0	NA	NA	2143.57	27.53989102	3.806388	2.185196	3.546477	4.196422
2013	112	02W	5	18	46	48	1	0	47	0	0	34	4	9	0	0	NA	NA	1142.96	27.58006004	0.503382	0.007066118	0.184682	0.7872477
2013	112	19E	14	41	48	50	2	1	16	0	2	12	0	2	0	0	NA	NA	3558.67	27.57376003	0.2040772	0.02092654	0.04747473	0.4190987
2013	112	19E	14	41	48	50	1	1	7	1	2	4	0	0	1	6	NA	NA	2562.24	27.57376003	0.2040772	0.02092654	0.04747473	0.4190987
2013	112	19E	14	41	48	50	2	6	60	25	17	14	0	4	0	7	NA	NA	2873.62	27.57376003	0.2040772	0.02092654	0.04747473	0.4190987
2013	112	40	6	33	48	49	2	55	1	0	0	1	0	0	2	0	NA	NA	2882.52	27.58025902	0.3216784	0.00854779	0.1500072	0.6055442
2013	112	40	6	33	48	49	1	77	60	2	2	52	3	1	0	0	NA	NA	3400.62	27.58025902	0.3216784	0.00854779	0.1500072	0.6055442
2013	112	40	6	33	48	49	3	57	4	0	3	1	0	0	0	0	NA	NA	2505.72	27.58025902	0.3216784	0.00854779	0.1500072	0.6055442
2013	112	40	6	33	48	49	1	37	66	1	1	64	0	0	0	0	NA	NA	2268.65	27.58025902	0.3216784	0.00854779	0.1500072	0.6055442
2013	112	40	6	33	48	49	1	70	59	0	0	59	0	0	1	0	NA	NA	2268.65	27.58025902	0.3216784	0.00854779	0.1500072	0.6055442
2013	112	40	6	33	48	49	2	26	30	2	21	7	0	0	0	0	NA	NA	1648.5	27.58025902	0.3216784	0.00854779	0.1500072	0.6055442
2013	112	25	0	2	2	3	1	6	7	0	0	7	0	0	0	0	NA	NA	2143.57	27.53989102	3.806388	2.185196	3.546477	4.196422
2013	112	25	0	2	2	3	1	45	29	0	1	27	1	0	0	0	NA	NA	2545.49	27.53989102	3.806388	2.185196	3.546477	4.196422
2013	112	19E	14	41	48	50	3	15	39	14	7	9	3	6	0	0	NA	NA	1766.25	27.57376003	0.2040772	0.02092654	0.04747473	0.4190987
2013	112	02SW	5	18	46	48	1	54	35	12	9	13	0	1	0	0	NA	NA	1318.8	27.58006004	0.5075721	0.008485423	0.1888722	0.7914379
2013	112	40	6	33	48	49	3	106	35	1	0	33	1	0	0	0	NA	NA	2571.14	27.58025902	0.3216784	0.00854779	0.1500072	0.6055442
2013	112	40	6	33	48	49	2	59	14	0	0	14	0	0	0	0	NA	NA	1766.25	27.58025902	0.3216784	0.00854779	0.1500072	0.6055442
2013	112	40	6	33	48	49	1	3	98	3	9	86	0	0	0	0	NA	NA	2009.6	27.58025902	0.3216784	0.00854779	0.1500072	0.6055442
2013	112	40	6	33	48	49	1	54	101	15	13	63	0	10	0	0	NA	NA	2419.89	27.58025902	0.3216784	0.00854779	0.1500072	0.6055442
2013	112	40	6	33	48	49	1	59	68	5	0	63	0	0	0	0	NA	NA	3024.87	27.58025902	0.3216784	0.00854779	0.1500072	0.6055442
2013	112	40	6	33	48	49	2	2	35	8	3	24	0	0	0	0	NA	NA	1884	27.58025902	0.3216784	0.00854779	0.1500072	0.6055442
2013	112	40	6	33	48	49	1	0	51	0	0	51	0	0	0	0	NA	NA	3221.64	27.58025902	0.3216784	0.00854779	0.1500072	0.6055442
2013	112	40	6	33	48	49	1	3	44	0	2	37	5	0	0	0	NA	NA	2260.8	27.58025902	0.3216784	0.00854779	0.1500072	0.6055442
2013	112	40	6	33	48	49	1	5	3	0	0	3	0	0	1	3	NA	NA	2684.7	27.58025902	0.3216784	0.00854779	0.1500072	0.6055442
2013	112	02W	5	18	46	48	1	0	13	0	1	10	1	1	0	0	NA	NA	3014.4	27.58006004	0.503382	0.007066118	0.184682	0.7872477
2013	112	25	0	2	2	3	1	4	38	0	2	30	6	0	0	0	NA	NA	2307.9	27.53989102	3.806388	2.185196	3.546477	4.196422
2013	112	25	0	2	2	3	1	12	27	1	0	23	0	3	0	0	NA	NA	1436.03	27.53989102	3.806388	2.185196	3.546477	4.196422
2013	112	02W	5	18	46	48	1	2	94	0	6	71	10	7	0	0	NA	NA	1741.65	27.58006004	0.503382	0.007066118	0.184682	0.7872477
2013	112	02W	5	18	46	48	3	16	15	0	0	12	0	3	0	0	NA	NA	1326.65	27.58006004	0.503382	0.007066118	0.184682	0.7872477
2013	112	19E	14	41	48	50	1	0	8	2	0	4	1	1	0	0	NA	NA	2143.57	27.57376003	0.3216784	0.02092654	0.04747473	0.4190987
2013	112	40	6	33	48	49	1	54	6	0	2	4	0	0	0	0	NA	NA	3221.64	27.58025902	0.2040772	0.00854779	0.1500072	0.6055442
2013	112	40	6	33	48	49	1	4	73	5	0	67	0	1	3	0	NA	NA	2571.14	27.58025902	0.3216784	0.00854779	0.1500072	0.6055442
2013	70	70	3	17	20	42	1	121	5	3	0	2	0	0	0	0	NA	NA	3176.11	23.73629	0.5711528	0.1341643	0.2208285	1.59952
2013	70	70	3	17	20	42	1	116	16	16	0	0	0	0	0	0	NA	NA	4772.8	23.73629	0.5711528	0.1341643	0.2208285	1.59952
2013	70	70	3	17	20	42	2	5	24	24	0	0	0	0	0	0	NA	NA	4835.6	23.73629	0.5711528	0.1341643	0.2208285	1.59952
2013	70	7	11	20	20	42	1	1	30	2	6	19	0	3	0	0	NA	NA	1884	23.73532003	0.3748923	0.0342449	0.07230478	1.79578
2013	70	59	13	22	46	56	1	16	0	0	0	0	0	0	0	0	NA	NA	3560.76	23.73881998	0.2379799	0.02940263	0.0370193	0.7682784
2013	70	77	3	18	38	81	1	101	25	25	0	0	0	0	2	0	NA	NA	2419.89	23.74169	0.5024743	0.1528983	0.2668222	1.059387
2013	70	77	3	18	38	81	1	109	0	0	0	0	0	0	4	0	NA	NA	1884	23.74169	0.5024743	0.1528983	0.2668222	1.059387
2013	70	77	3	18	38	81	1	0	26	8	0	17	0	1	0	0	NA	NA	1436.03	23.74169	0.5024743	0.1528983	0.2668222	1.059387
2013	70	77	3	18	38	81	1	2	17	17	0	0	0	0	18	0	NA	NA	1641.17	23.74169	0.5024743	0.1528983	0.2668222	1.059387
2013	70	77	3	18	38	81	1	0	0	0	0	0	0	0	2	0	NA	NA	1884	23.74169	0.5024743	0.1528983	0.2668222	1.059387
2013	70	77	3	18	38	81	1	4	0	0	0	0	0	0	0	0	NA	NA	1884	23.74169	0.5024743	0.1528983	0.2668222	1.059387
2013	70	58	15	22	45	56	1	0	23	7	15	1	0	0	0	0	NA	NA	2679.47	23.73897001	0.2464358	0.02959808	0.04338751	0.7767343
2013	70	58	15	22	45	56	2	0	26	15	8	3	0	0	0	0	NA	NA	3781.08	23.73897001	0.2464358	0.02959808	0.04338751	0.7767343
2013	70	58	15	22	45	56	1	0	15	6	9	0	0	0	0	0	NA	NA	2846.93	23.73897001	0.2464358	0.02959808	0.04338751	0.7767343
2013	70	58	15	22	45	56	1	0	8	8	0	0	0	0	0	0	NA	NA	3052.08	23.73897001	0.2464358	0.02959808	0.04338751	0.7767343
2013	70	58	15	22	45	56	1	0	21	21	0	0	0	0	0	0	NA	NA	1632.8	23.73897001	0.2464358	0.02959808	0.04338751	0.7767343
2013	70	58	15	22	45	56	1	5	4	0	0	2	1	1	0	0	NA	NA	2119.5	23.73897001	0.2464358	0.02959808	0.04338751	0.7767343
2013	70	58	15	22	45	56	1	1	5	0	0	5	0	0	0	0	NA	NA	2411.52	23.73897001	0.2464358	0.02959808	0.04338751	0.7767343
2013	70	24	13	22	46	67	1	114	2	2	0	0	0	0	0	0	NA	NA	6079.04	23.74086583	0.1781458	0.009529395	0.02782734	0.8063324
2013	70	8	14	22	45	55	0	0	29	9	0	16	3	1	0	1	NA	NA	1992.85	23.73801003	0.2837293	0.03729352	0.07493069	0.8140278
2013	70	8	14	22	45	55	1	0	7	2	1	1	3	0	0	0	NA	NA	1538.6	23.73801003	0.2837293	0.03729352	0.07493069	0.8140278
2013	70	8	14	22	45	55	0	0	34	0	0	29	5	0	0	7	NA	NA	2119.5	23.73801003	0.2837293	0.03729352	0.07493069	0.8140278
2013	70	8	14	22	45	55	3	0	1	0	0	0	1	0	0	0	NA	NA	2873.62	23.73801003	0.2837293	0.03729352	0.07493069	0.8140278
2013	70	8	14	22	45	55	0	0	22	0	1	21	0	0	0	4	NA	NA	1884	23.73801003	0.2837293	0.03729352	0.07493069	0.8140278
2013	70	8	14	22	45	55	3	0	52	7	4	40	0	1	3	10	NA	NA	2722.38	23.73801003	0.2837293	0.03729352	0.07493069	0.8140278
2013	70	8	14	22	45	55	0	0	38	0	1	35	2	0	0	1	NA	NA	2001.75	23.73801003	0.2837293	0.03729352	0.07493069	0.8140278
2013	70	8	14	22	45	55	0	5	24	0	0	22	2	0	1	3	NA	NA	2260.8	23.73801003	0.2837293	0.03729352	0.07493069	0.8140278
2013	70	8	14	22	45	55	1	0	38	2	0	18	17	1	0	8	NA	NA	2143.57	23.73801003	0.2837293	0.03729352	0.07493069	0.8140278
2013	70	8	14	22	45	55	1	0	4	1	0	3	0	0	1	0	NA	NA	3778.47	23.73801003	0.2837293	0.03729352	0.07493069	0.8140278
2013	70	8	14	22	45	55	1	0	5	0	1	4	0	0	0	0	NA	NA	1149.76	23.73801003	0.2837293	0.03729352	0.07493069	0.8140278
2013	70	26	5	21	48	67	1	46	38	16	0	22	0	0	10	6	NA	NA	1992.85	23.74251002	0.3058303	0.08349687	0.1797383	0.9140322
2013	70	26	5	21	48	67	2	128	0	0	0	0	0	0	0	0	NA	NA	2277.55	23.74251002	0.3058303	0.08349687	0.1797383	0.9140322
2013	70	26	5	21	48	67	1	0	33	7	0	26	0	0	7	1	NA	NA	1428.7	23.74251002	0.3058303	0.08349687	0.1797383	0.9140322
2013	70	11	10	20	21	42	1	1	14	14	0	0	0	0	0	0	NA	NA	1333.45	23.73205	0.3170736	0.02009004	0.05810791	1.853599
2013	70	11	10	20	21	42	1	10	12	12	0	0	0	0	0	0	NA	NA	2001.75	23.73205	0.3170736	0.02009004	0.05810791	1.853599
2013	70	8	14	22	45	55	1	0	57	20	8	27	0	2	2	6	NA	NA	2722.38	23.73801003	0.2837293	0.03729352	0.07493069	0.8140278
2013	70	8	14	22	45	55	1	0	8	0	0	8	0	0	0	0	NA	NA	3024.87	23.73801003	0.2837293	0.03729352	0.07493069	0.8140278
2013	70	8	14	22	45	55	1	0	28	16	0	11	0	1	0	7	NA	NA	2419.89	23.73801003	0.2837293	0.03729352	0.07493069	0.8140278
2013	70	8	14	22	45	55	1	43	19	1	0	18	0	0	0	0	NA	NA	2571.14	23.73801003	0.2837293	0.03729352	0.07493069	0.8140278
2013	70	8	14	22	45	55	1	11	1	0	0	0	0	1	0	0	NA	NA	2268.65	23.73801003	0.2837293	0.03729352	0.07493069	0.8140278
2013	70	8	14	22	45	55	1	38	15	5	0	10	0	0	0	0	NA	NA	2882.52	23.73801003	0.2837293	0.03729352	0.07493069	0.8140278
2013	70	2	10	20	21	42	1	23	16	0	0	16	0	0	0	0	NA	NA	2135.2	23.13286998	0.3118891	0.02124927	0.06329242	1.858783
2013	70	2	10	20	21	42	1	13	4	0	0	4	0	0	1	0	NA	NA	1538.6	23.13286998	0.3118891	0.02124927	0.06329242	1.858783
2013	70	2	10	20	21	42	1	67	60	0	0	60	0	0	0	0	NA	NA	2873.62	23.13286998	0.3118891	0.02124927	0.06329242	1.858783
2013	70	2	10	20	21	42	2	3	7	7	0	0	0	0	2	0	NA	NA	1743.75	23.13286998	0.3118891	0.02124927	0.06329242	1.858783
2013	70	2	10	20	21	42	2	24	10	10	0	0	0	0	0	0	NA	NA	2088.1	23.13286998	0.3118891	0.02124927	0.06329242	1.858783
2013	70	2	10	20	21	42	1	110	7	7	0	0	0	0	3	0	NA	NA	1523.95	23.13286998	0.3118891	0.02124927	0.06329242	1.858783
2013	70	2	10	20	21	42	0	2	0	0	0	0	0	0	0	0	NA	NA	2411.52	23.13286998	0.3118891	0.02124927	0.06329242	1.858783
2013	96	58	58	56	117	154	1	23	12	1	0	8	2	1	0	0	NA	NA	2882.52	24.01673002	0.170016	0.04017724	0.08928892	0.4290382
2013	96	58	58	56	117	154	2	14	4	0	0	3	1	0	0	0	NA	NA	2826	24.01673002	0.170016	0.04017724	0.08928892	0.4290382
2013	96	58	58	56	117	154	1	10	7	6	0	0	0	1	0	0	NA	NA	2826	24.01673002	0.170016	0.04017724	0.08928892	0.4290382
2013	96	58	58	56	117	154	2	68	4	4	0	0	0	0	0	0	NA	NA	2833.85	24.01673002	0.170016	0.04017724	0.08928892	0.4290382
2013	96	208	5	49	116	154	2	96	15	7	0	4	0	4	0	0	NA	NA	3391.2	24.01758833	0.2087977	0.06463168	0.1116696	0.4678736
2013	96	208	5	49	116	154	2	0	9	9	0	0	0	0	0	0	NA	NA	1766.25	24.01758833	0.2087977	0.06463168	0.1116696	0.4678736
2013	96	279	15	90	119	138	2	57	0	0	0	0	0	0	0	0	NA	NA	5024	24.03131696	0.1073175	0.03832802	0.077194	0.2359471
2013	96	62A	3	38	112	155	1	164	35	1	3	30	0	1	0	1	NA	NA	5308.17	24.01641998	0.2671819	0.10687	0.1632352	0.5414649
2013	96	62A	3	38	112	155	1	146	4	1	0	2	1	0	0	0	NA	NA	5560.94	24.01641998	0.2671819	0.10687	0.1632352	0.5414649
2013	96	62A	3	38	112	155	3	161	0	0	0	0	0	0	0	0	NA	NA	6079.04	24.01641998	0.2671819	0.10687	0.1632352	0.5414649
2013	96	32	26	94	116	132	1	62	27	27	0	0	0	0	0	0	NA	NA	1538.6	24.03101002	0.0765231	0.01087559	0.03372631	0.1850121
2013	96	71	7	19	70	155	1	0	12	2	4	6	0	0	2	0	NA	NA	1538.6	24.02074001	0.430226	0.08896662	0.2098209	0.7384013
2013	96	71	7	19	70	155	4	73	26	8	8	10	0	0	0	0	NA	NA	2237.25	24.02074001	0.430226	0.08896662	0.2098209	0.7384013
2013	96	71	7	19	70	155	1	27	10	0	1	7	0	2	1	1	NA	NA	2571.14	24.02074001	0.430226	0.08896662	0.2098209	0.7384013
2013	96	71	7	19	70	155	1	4	29	7	22	0	0	0	0	0	NA	NA	2571.14	24.02074001	0.430226	0.08896662	0.2098209	0.7384013
2013	96	30	23	93	116	132	7	60	23	9	9	5	0	0	0	0	NA	NA	2001.75	24.03150002	0.08275921	0.009482443	0.02955013	0.1829851
2013	96	30	23	93	116	132	1	32	32	17	12	3	0	0	0	0	NA	NA	1428.7	24.03150002	0.08275921	0.009482443	0.02955013	0.1829851
2013	96	30	23	93	116	132	1	35	14	10	4	0	0	0	0	0	NA	NA	1538.6	24.03150002	0.08275921	0.009482443	0.02955013	0.1829851
2013	96	30	23	93	116	132	2	6	54	25	7	18	0	4	0	0	NA	NA	1238.21	24.03150002	0.08275921	0.009482443	0.02955013	0.1829851
2013	96	30	23	93	116	132	1	5	4	0	4	0	0	0	1	8	NA	NA	1436.03	24.03150002	0.08275921	0.009482443	0.02955013	0.1829851
2013	96	30	23	93	116	132	4	11	32	15	10	4	0	3	0	0	NA	NA	1758.4	24.03150002	0.08275921	0.009482443	0.02955013	0.1829851
2013	96	30	23	93	116	132	10	15	5	5	0	0	0	0	0	0	NA	NA	1507.2	24.03150002	0.08275921	0.009482443	0.02955013	0.1829851
2013	96	30	23	93	116	132	1	2	23	0	20	2	1	0	0	4	NA	NA	1055.04	24.03150002	0.08275921	0.009482443	0.02955013	0.1829851
2013	96	270	13	35	50	143	1	47	21	16	3	2	0	0	0	0	NA	NA	1648.5	24.02303598	0.1317561	0.02220881	0.06049723	0.7708211
2013	96	42	50	92	108	141	2	27	43	2	0	40	0	1	0	0	NA	NA	4812.57	24.01984599	0.03169606	0.003664369	0.01192182	0.07971696
2013	96	42	50	92	108	141	1	0	12	3	2	7	0	0	0	7	NA	NA	4615.8	24.01984599	0.03169606	0.003664369	0.01192182	0.07971696
2013	96	42	50	92	108	141	2	32	21	0	0	15	6	0	0	0	NA	NA	4835.6	24.01984599	0.03169606	0.003664369	0.01192182	0.07971696
2013	96	50	3	93	116	149	1	67	29	5	24	0	0	0	0	0	NA	NA	2419.89	24.02071	0.1548396	0.1050961	0.1224716	0.207312
2013	96	50	3	93	116	149	1	20	9	2	6	1	0	0	1	3	NA	NA	1850.51	24.02071	0.1548396	0.1050961	0.1224716	0.207312
2013	96	50	3	93	116	149	1	22	9	2	7	0	0	0	0	0	NA	NA	3211.7	24.02071	0.1548396	0.1050961	0.1224716	0.207312
2013	96	50	3	93	116	149	1	14	19	0	16	3	0	0	0	4	NA	NA	1992.85	24.02071	0.1548396	0.1050961	0.1224716	0.207312
2013	96	50	3	93	116	149	2	5	4	0	4	0	0	0	0	7	NA	NA	1530.75	24.02071	0.1548396	0.1050961	0.1224716	0.207312
2013	96	50	3	93	116	149	4	11	16	3	10	3	0	0	2	6	NA	NA	1607.68	24.02071	0.1548396	0.1050961	0.1224716	0.207312
2013	96	218	42	88	107	132	1	11	11	2	9	0	0	0	0	0	NA	NA	2571.14	24.01762303	0.03929025	0.006190013	0.01212914	0.09261571
2013	96	218	42	88	107	132	0	23	13	1	10	1	0	1	0	0	NA	NA	1758.4	24.01762303	0.03929025	0.006190013	0.01212914	0.09261571
2013	96	218	42	88	107	132	1	16	42	3	8	31	0	0	0	0	NA	NA	2704.59	24.01762303	0.03929025	0.006190013	0.01212914	0.09261571
2013	96	218	42	88	107	132	1	31	5	2	3	0	0	0	0	0	NA	NA	2712.96	24.01762303	0.03929025	0.006190013	0.01212914	0.09261571
2013	96	218	42	88	107	132	2	37	13	2	1	8	0	2	0	0	NA	NA	1758.4	24.01762303	0.03929025	0.006190013	0.01212914	0.09261571
2013	96	60	6	49	116	154	2	29	42	11	26	2	0	3	1	0	NA	NA	2001.75	24.01566996	0.2098368	0.06046781	0.1158334	0.4637097
2013	96	60	6	49	116	154	1	12	37	0	27	8	2	0	1	2	NA	NA	1428.7	24.01566996	0.2098368	0.06046781	0.1158334	0.4637097
2013	96	60	6	49	116	154	2	22	14	0	14	0	0	0	0	0	NA	NA	2669	24.01566996	0.2098368	0.06046781	0.1158334	0.4637097
2013	96	60	6	49	116	154	1	17	30	3	14	11	1	1	0	1	NA	NA	1326.65	24.01566996	0.2098368	0.06046781	0.1158334	0.4637097
2013	96	60	6	49	116	154	2	8	25	5	20	0	0	0	0	0	NA	NA	1641.17	24.01566996	0.2098368	0.06046781	0.1158334	0.4637097
2013	96	60	6	49	116	154	2	10	54	7	19	20	0	8	0	0	NA	NA	1306.24	24.01566996	0.2098368	0.06046781	0.1158334	0.4637097
2013	96	60	6	49	116	154	1	6	22	0	18	1	0	3	0	0	NA	NA	1868.3	24.01566996	0.2098368	0.06046781	0.1158334	0.4637097
2013	96	60	6	49	116	154	2	23	37	0	27	3	6	1	0	0	NA	NA	1428.7	24.01566996	0.2098368	0.06046781	0.1158334	0.4637097
2013	96	60	6	49	116	154	3	11	49	7	41	0	1	0	0	1	NA	NA	1758.4	24.01566996	0.2098368	0.06046781	0.1158334	0.4637097
2013	96	60	6	49	116	154	1	8	22	8	13	0	1	0	0	0	NA	NA	2456	24.01566996	0.2098368	0.06046781	0.1158334	0.4637097
2013	96	60	6	49	116	154	1	30	30	0	29	1	0	0	0	0	NA	NA	2088.1	24.01566996	0.2098368	0.06046781	0.1158334	0.4637097
2013	96	53	7	52	117	154	2	77	43	18	25	0	0	0	0	0	NA	NA	2117.41	24.01753997	0.174323	0.03551373	0.1102395	0.4492037
2013	96	53	7	52	117	154	2	153	49	35	14	0	0	0	0	0	NA	NA	2268.65	24.01753997	0.174323	0.03551373	0.1102395	0.4492037
2013	96	53	7	52	117	154	1	123	34	13	20	1	0	0	0	0	NA	NA	2135.2	24.01753997	0.174323	0.03551373	0.1102395	0.4492037
2013	96	53	7	52	117	154	4	130	87	19	58	8	1	1	0	0	NA	NA	2545.49	24.01753997	0.174323	0.03551373	0.1102395	0.4492037
2013	96	53	7	52	117	154	2	139	30	15	5	5	0	5	0	0	NA	NA	2260.8	24.01753997	0.174323	0.03551373	0.1102395	0.4492037
2013	96	53	7	52	117	154	2	126	16	13	3	0	0	0	0	0	NA	NA	2679.47	24.01753997	0.174323	0.03551373	0.1102395	0.4492037
2013	96	53	7	52	117	154	1	66	10	7	1	1	0	1	0	0	NA	NA	2260.8	24.01753997	0.174323	0.03551373	0.1102395	0.4492037
2013	96	53	7	52	117	154	2	11	66	4	62	0	0	0	0	0	NA	NA	3340.96	24.01753997	0.174323	0.03551373	0.1102395	0.4492037
2013	96	53	7	52	117	154	2	40	41	11	26	4	0	0	0	0	NA	NA	2562.24	24.01753997	0.174323	0.03551373	0.1102395	0.4492037
2013	96	53	7	52	117	154	1	50	8	5	3	0	0	0	0	0	NA	NA	2846.93	24.01753997	0.174323	0.03551373	0.1102395	0.4492037
2013	96	59	14	73	118	154	2	176	6	1	3	2	0	0	0	0	NA	NA	5077.38	24.01656004	0.1628263	0.02941197	0.06799694	0.3727583
2013	96	59	14	73	118	154	3	215	34	28	1	4	0	1	0	0	NA	NA	4297.09	24.01656004	0.1628263	0.02941197	0.06799694	0.3727583
2013	96	59	14	73	118	154	2	125	22	0	22	0	0	0	0	0	NA	NA	3956.4	24.01656004	0.1628263	0.02941197	0.06799694	0.3727583
2013	96	59	14	73	118	154	2	205	2	0	2	0	0	0	0	0	NA	NA	6868.75	24.01656004	0.1628263	0.02941197	0.06799694	0.3727583
2013	96	59	14	73	118	154	1	73	43	5	20	14	0	4	0	0	NA	NA	4352.04	24.01656004	0.1628263	0.02941197	0.06799694	0.3727583
2013	96	59	14	73	118	154	3	141	16	5	10	1	0	0	0	0	NA	NA	4549.86	24.01656004	0.1628263	0.02941197	0.06799694	0.3727583
2013	96	59	14	73	118	154	2	86	14	0	0	14	0	0	0	0	NA	NA	4772.8	24.01656004	0.1628263	0.02941197	0.06799694	0.3727583
2013	96	59	14	73	118	154	3	101	8	1	6	1	0	0	0	0	NA	NA	6066.48	24.01656004	0.1628263	0.02941197	0.06799694	0.3727583
2013	96	59	14	73	118	154	1	89	10	6	4	0	0	0	0	0	NA	NA	3560.76	24.01656004	0.1628263	0.02941197	0.06799694	0.3727583
2013	96	59	14	73	118	154	1	1	0	0	0	0	0	0	0	0	NA	NA	5777.6	24.01656004	0.1628263	0.02941197	0.06799694	0.3727583
2013	96	59	14	73	118	154	1	227	19	8	11	0	0	0	0	0	NA	NA	4573.93	24.01656004	0.1628263	0.02941197	0.06799694	0.3727583
2013	96	71	7	19	70	155	2	9	60	47	10	0	0	3	0	0	NA	NA	1055.04	24.02074001	0.430226	0.08896662	0.2098209	0.7384013
2013	96	71	7	19	70	155	7	69	45	21	24	0	0	0	0	0	NA	NA	2260.8	24.02074001	0.430226	0.08896662	0.2098209	0.7384013
2013	96	71	7	19	70	155	1	93	45	0	0	45	0	0	0	0	NA	NA	3181.87	24.02074001	0.430226	0.08896662	0.2098209	0.7384013
2013	96	71	7	19	70	155	2	25	12	0	6	6	0	0	0	0	NA	NA	1436.03	24.02074001	0.430226	0.08896662	0.2098209	0.7384013
2013	96	71	7	19	70	155	3	0	0	0	0	0	0	0	0	0	NA	NA	1142.96	24.02074001	0.430226	0.08896662	0.2098209	0.7384013
2013	96	71	7	19	70	155	1	43	29	22	0	6	0	1	0	0	NA	NA	1523.95	24.02074001	0.430226	0.08896662	0.2098209	0.7384013
2013	96	29	25	93	116	132	0	0	0	0	0	0	0	0	0	0	NA	NA	1875.63	24.03156004	0.07647431	0.01060307	0.02669964	0.1745247
2013	96	29	25	93	116	132	0	0	105	0	3	102	0	0	0	0	NA	NA	1743.75	24.03156004	0.07647431	0.01060307	0.02669964	0.1745247
2013	96	29	25	93	116	132	1	122	38	12	26	0	0	0	0	0	NA	NA	2411.52	24.03156004	0.07647431	0.01060307	0.02669964	0.1745247
2013	96	29	25	93	116	132	2	53	31	14	16	0	1	0	0	0	NA	NA	2411.52	24.03156004	0.07647431	0.01060307	0.02669964	0.1745247
2013	96	29	25	93	116	132	0	0	0	0	0	0	0	0	0	0	NA	NA	2535.55	24.03156004	0.07647431	0.01060307	0.02669964	0.1745247
2013	70	5	1	20	21	39	3	0	35	12	2	21	0	0	0	0	NA	NA	3022.77	23.73368002	0.475345	0.1695976	0.2139035	1.995787
2013	70	5	1	20	21	39	4	0	20	10	0	10	0	0	0	0	NA	NA	1619.19	23.73368002	0.475345	0.1695976	0.2139035	1.995787
2013	70	5	1	20	21	39	2	47	16	5	7	4	0	0	0	0	NA	NA	2863.68	23.73368002	0.475345	0.1695976	0.2139035	1.995787
2013	70	5	1	20	21	39	1	25	24	0	0	22	2	0	0	0	NA	NA	2411.52	23.73368002	0.475345	0.1695976	0.2139035	1.995787
2013	70	5	1	20	21	39	1	0	42	1	0	41	0	0	0	0	NA	NA	2277.55	23.73368002	0.475345	0.1695976	0.2139035	1.995787
2013	70	24NW	13	22	46	67	1	0	7	0	2	4	0	1	0	0	NA	NA	2873.62	23.74086583	0.1781458	0.009529395	0.02782734	0.8063324
2013	70	24NW	13	22	46	67	2	49	61	31	0	30	0	0	0	0	NA	NA	2110.08	23.74086583	0.1781458	0.009529395	0.02782734	0.8063324
2013	70	24NW	13	22	46	67	1	3	63	60	0	3	0	0	0	0	NA	NA	2143.57	23.74086583	0.1781458	0.009529395	0.02782734	0.8063324
2013	70	24NW	13	22	46	67	1	1	2	1	0	1	0	0	2	4	NA	NA	2411.52	23.74086583	0.1781458	0.009529395	0.02782734	0.8063324
2007	70	2	10	20	21	42	1	118	0	0	0	0	0	0	0	0	NA	NA	1772.80475	23.13286998	0.3118891	0.02124927	0.06329242	1.858783
2007	70	2	10	20	21	42	1	136	1	0	0	1	0	0	0	0	NA	NA	3355.52175	23.13286998	0.3118891	0.02124927	0.06329242	1.858783
2007	70	2	10	20	21	42	2	85	0	0	0	0	0	0	0	0	NA	NA	3062.5466666667	23.13286998	0.3118891	0.02124927	0.06329242	1.858783
2007	70	2	10	20	21	42	3	56	1	0	1	0	0	0	0	0	NA	NA	2593.4202	23.13286998	0.3118891	0.02124927	0.06329242	1.858783
2007	70	2	10	20	21	42	1	128	1	0	1	0	0	0	0	0	NA	NA	2897.1995	23.13286998	0.3118891	0.02124927	0.06329242	1.858783
2007	70	2	10	20	21	42	2	104	0	0	0	0	0	0	0	0	NA	NA	3526.2220933333	23.13286998	0.3118891	0.02124927	0.06329242	1.858783
2007	70	2	10	20	21	42	3	170	3	0	2	0	1	0	0	0	NA	NA	3781.4392	23.13286998	0.3118891	0.02124927	0.06329242	1.858783
2007	70	2	10	20	21	42	1	134	0	0	0	0	0	0	0	0	NA	NA	3278.3327	23.13286998	0.3118891	0.02124927	0.06329242	1.858783
2007	70	2	10	20	21	42	0	6	1	0	1	0	0	0	0	0	NA	NA	3017.31549	23.13286998	0.3118891	0.02124927	0.06329242	1.858783
2007	70	2	10	20	21	42	2	155	18	0	18	0	0	0	0	0	NA	NA	2370.072	23.13286998	0.3118891	0.02124927	0.06329242	1.858783
2007	70	2	10	20	21	42	2	55	1	0	1	0	0	0	0	0	NA	NA	2417.2766666667	23.13286998	0.3118891	0.02124927	0.06329242	1.858783
2007	70	2	10	20	21	42	2	136	1	0	1	0	0	0	0	0	NA	NA	3523.08	23.13286998	0.3118891	0.02124927	0.06329242	1.858783
2007	70	2	10	20	21	42	1	132	0	0	0	0	0	0	0	0	NA	NA	3126.4718333333	23.13286998	0.3118891	0.02124927	0.06329242	1.858783
2007	70	2	10	20	21	42	2	61	0	0	0	0	0	0	0	0	NA	NA	4485.7359666667	23.13286998	0.3118891	0.02124927	0.06329242	1.858783
2007	70	3	10	20	21	42	1	44	0	0	0	0	0	0	0	0	NA	NA	3725.5210333333	23.73408001	0.3115739	0.03429312	0.09211183	1.887892
2007	70	6	11	20	20	42	2	64	0	0	0	0	0	0	0	0	NA	NA	1846.3932666667	23.73536998	0.3503243	0.02485721	0.0588129	1.820348
2007	70	10	10	20	21	42	1	24	0	0	0	0	0	0	0	0	NA	NA	2744.57666	23.73198001	0.2973708	0.02009004	0.07819795	1.873689
2007	70	10	10	20	21	42	1	23	0	0	0	0	0	0	0	0	NA	NA	4114.656	23.73198001	0.2973708	0.02009004	0.07819795	1.873689
2007	70	10	10	20	21	42	1	20	0	0	0	0	0	0	0	0	NA	NA	3689.9239	23.73198001	0.2973708	0.02009004	0.07819795	1.873689
2007	70	10	10	20	21	42	2	38	0	0	0	0	0	0	0	0	NA	NA	3202.21125	23.73198001	0.2973708	0.02009004	0.07819795	1.873689
2007	70	10	10	20	21	42	1	28	0	0	0	0	0	0	0	0	NA	NA	3216.7677666667	23.73198001	0.2973708	0.02009004	0.07819795	1.873689
2007	70	12	11	20	20	42	1	38	0	0	0	0	0	0	0	0	NA	NA	5147.9358	23.73217002	0.355841	0.02270265	0.05885745	1.814831
2007	70	12	11	20	20	42	2	2	9	9	0	0	0	0	0	0	NA	NA	3202.6116	23.73217002	0.355841	0.02270265	0.05885745	1.814831
2007	70	12	11	20	20	42	1	31	0	0	0	0	0	0	0	0	NA	NA	3739.3161	23.73217002	0.355841	0.02270265	0.05885745	1.814831
2007	70	12	11	20	20	42	1	32	0	0	0	0	0	0	0	0	NA	NA	5597.5524	23.73217002	0.355841	0.02270265	0.05885745	1.814831
2007	70	64A	1	1	1	9	1	80	0	0	0	0	0	0	0	0	NA	NA	4040.2484666667	23.74051002	4.023061	1.713598	1.828568	5.560794
2007	70	67A	4	27	46	66	2	15	9	0	0	9	0	0	0	0	NA	NA	3088.0874266667	23.73896004	0.2992278	0.01292478	0.2002126	0.6128998
2007	70	67A	4	27	46	66	2	159	0	0	0	0	0	0	0	0	NA	NA	3286.8264	23.73896004	0.2992278	0.01292478	0.2002126	0.6128998
2007	70	67A	4	27	46	66	1	122	5	0	0	5	0	0	0	0	NA	NA	2771.95275	23.73896004	0.2992278	0.01292478	0.2002126	0.6128998
2007	70	67A	4	27	46	66	1	104	0	0	0	0	0	0	0	0	NA	NA	2254.834	23.73896004	0.2992278	0.01292478	0.2002126	0.6128998
2007	70	67A	4	27	46	66	2	130	0	0	0	0	0	0	0	0	NA	NA	3559.57936	23.73896004	0.2992278	0.01292478	0.2002126	0.6128998
2007	96	44	35	96	115	145	3	52	0	0	0	0	0	0	0	0	NA	NA	5540.8795866667	24.01920998	0.04651957	0.008561225	0.02800327	0.1147627
2007	96	44	35	96	115	145	1	92	0	0	0	0	0	0	0	0	NA	NA	3862.2	24.01920998	0.04651957	0.008561225	0.02800327	0.1147627
2007	96	44	35	96	115	145	3	67	0	0	0	0	0	0	0	0	NA	NA	4451.99876	24.01920998	0.04651957	0.008561225	0.02800327	0.1147627
2007	96	44	35	96	115	145	2	69	0	0	0	0	0	0	0	0	NA	NA	4194.2236	24.01920998	0.04651957	0.008561225	0.02800327	0.1147627
2007	96	44	35	96	115	145	1	75	0	0	0	0	0	0	0	0	NA	NA	3728.907	24.01920998	0.04651957	0.008561225	0.02800327	0.1147627
2007	96	46	31	96	115	145	3	49	0	0	0	0	0	0	0	0	NA	NA	3469.7	24.01907	0.06198159	0.00918065	0.01737545	0.1313794
2007	96	46	31	96	115	145	1	54	0	0	0	0	0	0	0	0	NA	NA	2738.60752	24.01907	0.06198159	0.00918065	0.01737545	0.1313794
2007	96	46	31	96	115	145	1	115	3	0	3	0	0	0	0	0	NA	NA	2865.6896	24.01907	0.06198159	0.00918065	0.01737545	0.1313794
2007	96	46	31	96	115	145	1	150	23	7	0	16	0	0	0	0	NA	NA	3049.07816	24.01907	0.06198159	0.00918065	0.01737545	0.1313794
2007	96	46	31	96	115	145	1	83	0	0	0	0	0	0	0	0	NA	NA	3943.36272	24.01907	0.06198159	0.00918065	0.01737545	0.1313794
2007	96	51	6	91	116	149	3	122	27	27	0	0	0	0	0	0	NA	NA	3563.1778	24.02054002	0.1769614	0.08873865	0.1270561	0.248089
2007	96	51	6	91	116	149	1	145	22	16	5	1	0	0	0	0	NA	NA	3085.51786	24.02054002	0.1769614	0.08873865	0.1270561	0.248089
2007	96	51	6	91	116	149	1	88	47	15	32	0	0	0	0	0	NA	NA	1911.2709	24.02054002	0.1769614	0.08873865	0.1270561	0.248089
2007	96	51	6	91	116	149	0	0	52	0	0	46	1	5	0	0	NA	NA	2391.424	24.02054002	0.1769614	0.08873865	0.1270561	0.248089
2007	96	51	6	91	116	149	1	130	8	8	0	0	0	0	0	0	NA	NA	3459.27834	24.02054002	0.1769614	0.08873865	0.1270561	0.248089
2007	96	63	8	21	79	155	1	102	0	0	0	0	0	0	0	0	NA	NA	3116.06064	24.01761004	0.3724211	0.03179647	0.1520161	0.6922076
2007	96	63	8	21	79	155	2	10	0	0	0	0	0	0	0	0	NA	NA	3631.2189833333	24.01761004	0.3724211	0.03179647	0.1520161	0.6922076
2007	96	98	5	18	18	18	0	0	20	0	0	20	0	0	0	0	0	NA	2646.3867666667	24.06437997	3.833927	0.04435865	0.1854055	4.378111
2007	96	98	5	18	18	18	2	93	0	0	0	0	0	0	0	0	305	NA	4881.6533333333	24.06437997	3.833927	0.04435865	0.1854055	4.378111
2007	96	98	5	18	18	18	1	33	0	0	0	0	0	0	0	0	413	NA	3670.42764	24.06437997	3.833927	0.04435865	0.1854055	4.378111
2007	96	98	5	18	18	18	3	78	0	0	0	0	0	0	0	0	314	NA	4959.1720833333	24.06437997	3.833927	0.04435865	0.1854055	4.378111
2007	96	98	5	18	18	18	1	44	0	0	0	0	0	0	0	0	NA	NA	4156.69275	24.06437997	3.833927	0.04435865	0.1854055	4.378111
2007	96	99	4	18	18	18	0	0	34	0	0	34	0	0	0	0	0	NA	1415.512	24.06511003	3.837478	0.04080841	0.1884012	4.381661
2007	96	99	4	18	18	18	2	142	0	0	0	0	0	0	0	0	352	NA	5098.104	24.06511003	3.837478	0.04080841	0.1884012	4.381661
2007	96	99	4	18	18	18	1	0	66	0	0	66	0	0	0	0	1	NA	2599.135	24.06511003	3.837478	0.04080841	0.1884012	4.381661
2007	96	99	4	18	18	18	2	22	1	0	1	0	0	0	0	0	261	NA	3401.5149	24.06511003	3.837478	0.04080841	0.1884012	4.381661
2007	96	99	4	18	18	18	1	29	0	0	0	0	0	0	0	0	157	NA	3367.4773	24.06511003	3.837478	0.04080841	0.1884012	4.381661
2007	96	99	4	18	18	18	1	197	0	0	0	0	0	0	0	0	276	NA	4521.2232	24.06511003	3.837478	0.04080841	0.1884012	4.381661
2007	96	99	4	18	18	18	1	0	105	0	0	105	0	0	0	0	0	NA	3153.42664	24.06511003	3.837478	0.04080841	0.1884012	4.381661
2007	96	100	5	18	18	18	3	91	22	0	0	22	0	0	0	0	240	NA	2137.89726	24.06515001	3.807313	0.07097301	0.1702422	4.351497
2007	96	100	5	18	18	18	2	113	0	0	0	0	0	0	0	0	243	NA	2792.6532	24.06515001	3.807313	0.07097301	0.1702422	4.351497
2007	96	100	5	18	18	18	2	27	25	3	0	22	0	0	0	0	264	NA	2390.5301466667	24.06515001	3.807313	0.07097301	0.1702422	4.351497
2007	96	100	5	18	18	18	1	70	0	0	0	0	0	0	0	0	177	NA	2645.9340833333	24.06515001	3.807313	0.07097301	0.1702422	4.351497
2007	96	100	5	18	18	18	2	98	0	0	0	0	0	0	0	0	165	NA	2477.9885666667	24.06515001	3.807313	0.07097301	0.1702422	4.351497
2007	96	100	5	18	18	18	3	124	0	0	0	0	0	0	0	0	204	NA	1857.624	24.06515001	3.807313	0.07097301	0.1702422	4.351497
2007	96	100	5	18	18	18	2	14	0	0	0	0	0	0	0	0	315	NA	2757.6108	24.06515001	3.807313	0.07097301	0.1702422	4.351497
2007	96	113	5	18	18	18	1	38	0	0	0	0	0	0	0	0	NA	NA	3032.66224	24.06758001	3.685896	0.05341541	0.1480312	4.23008
2007	96	115	0	12	18	18	1	141	0	0	0	0	0	0	0	0	140	NA	2196.5713	24.03620998	4.134652	0.2563655	0.4002347	4.678835
2007	96	115	0	12	18	18	2	8	1	0	0	0	0	1	0	0	149	NA	2248.7162333333	24.03620998	4.134652	0.2563655	0.4002347	4.678835
2007	96	115	0	12	18	18	1	6	47	0	47	0	0	0	0	0	102	NA	1627.462	24.03620998	4.134652	0.2563655	0.4002347	4.678835
2007	96	116	2	18	18	18	1	26	0	0	0	0	0	0	0	0	NA	NA	1745.84628	24.06528999	4.018802	0.140516	0.2843852	4.562986
2007	96	116	2	18	18	18	1	32	3	0	3	0	0	0	0	0	NA	NA	1318.8	24.06528999	4.018802	0.140516	0.2843852	4.562986
2007	96	45B	35	96	115	145	1	79	0	0	0	0	0	0	0	0	NA	NA	3578.0791933333	24.01916999	0.05294476	0.007156911	0.02300487	0.1219196
2007	96	45B	35	96	115	145	2	126	0	0	0	0	0	0	0	0	NA	NA	3815.728	24.01916999	0.05294476	0.007156911	0.02300487	0.1219196
2007	96	45B	35	96	115	145	1	86	0	0	0	0	0	0	0	0	NA	NA	4449.2544	24.01916999	0.05294476	0.007156911	0.02300487	0.1219196
2007	96	45B	35	96	115	145	1	83	0	0	0	0	0	0	0	0	NA	NA	3815.82848	24.01916999	0.05294476	0.007156911	0.02300487	0.1219196
2007	96	45B	35	96	115	145	2	72	0	0	0	0	0	0	0	0	NA	NA	3787.89504	24.01916999	0.05294476	0.007156911	0.02300487	0.1219196
2007	96	49B	31	96	115	145	2	33	0	0	0	0	0	0	0	0	NA	NA	4835.6	24.02083003	0.06951298	0.009844058	0.02186558	0.1389108
2007	96	49B	31	96	115	145	1	65	0	0	0	0	0	0	0	0	NA	NA	4243.4588	24.02083003	0.06951298	0.009844058	0.02186558	0.1389108
2007	96	62B	2	38	112	155	0	0	56	0	0	56	0	0	0	0	1	NA	2021.689	24.01637002	0.2613686	0.1058563	0.1664845	0.5356516
2007	96	62B	2	38	112	155	0	0	41	0	0	41	0	0	0	0	0	NA	1963.33995	24.01637002	0.2613686	0.1058563	0.1664845	0.5356516
2007	96	62B	2	38	112	155	1	70	1	0	0	1	0	0	0	0	137	NA	2473.064	24.01637002	0.2613686	0.1058563	0.1664845	0.5356516
2007	96	62B	2	38	112	155	1	79	1	1	0	0	0	0	0	0	151	NA	3232.43375	24.01637002	0.2613686	0.1058563	0.1664845	0.5356516
